

/*!40101 SET @OLD_CHARACTER_SET_CLIENT=@@CHARACTER_SET_CLIENT */;
/*!40101 SET @OLD_CHARACTER_SET_RESULTS=@@CHARACTER_SET_RESULTS */;
/*!40101 SET @OLD_COLLATION_CONNECTION=@@COLLATION_CONNECTION */;
/*!40101 SET NAMES utf8mb4 */;
/*!40103 SET @OLD_TIME_ZONE=@@TIME_ZONE */;
/*!40103 SET TIME_ZONE='+00:00' */;
/*!40014 SET @OLD_UNIQUE_CHECKS=@@UNIQUE_CHECKS, UNIQUE_CHECKS=0 */;
/*!40014 SET @OLD_FOREIGN_KEY_CHECKS=@@FOREIGN_KEY_CHECKS, FOREIGN_KEY_CHECKS=0 */;
/*!40101 SET @OLD_SQL_MODE=@@SQL_MODE, SQL_MODE='NO_AUTO_VALUE_ON_ZERO' */;
/*!40111 SET @OLD_SQL_NOTES=@@SQL_NOTES, SQL_NOTES=0 */;

--
-- Table structure for table `Department`
--

DROP TABLE IF EXISTS `Department`;
/*!40101 SET @saved_cs_client     = @@character_set_client */;
/*!40101 SET character_set_client = utf8 */;
CREATE TABLE `Department` (
  `d_id` bigint(20) NOT NULL,
  `d_name` varchar(20) COLLATE utf8mb4_unicode_ci NOT NULL,
  PRIMARY KEY (`d_id`)
) ENGINE=InnoDB DEFAULT CHARSET=utf8mb4 COLLATE=utf8mb4_unicode_ci;
/*!40101 SET character_set_client = @saved_cs_client */;

--
-- Dumping data for table `Department`
--

LOCK TABLES `Department` WRITE;
/*!40000 ALTER TABLE `Department` DISABLE KEYS */;
INSERT INTO `Department` VALUES (100000,'voluptatem'),(100001,'minima'),(100002,'ut'),(100003,'eos'),(100004,'voluptatem'),(100005,'voluptatibus'),(100006,'aut'),(100007,'consequatur'),(100009,'molestias'),(100010,'temporibus'),(100011,'sed'),(100012,'provident'),(100013,'nesciunt'),(100014,'esse'),(100015,'dolores'),(100016,'autem'),(100017,'voluptas'),(100018,'rerum'),(100019,'dolorem'),(100020,'at');
/*!40000 ALTER TABLE `Department` ENABLE KEYS */;
UNLOCK TABLES;

--
-- Table structure for table `Discharge_Info`
--

DROP TABLE IF EXISTS `Discharge_Info`;
/*!40101 SET @saved_cs_client     = @@character_set_client */;
/*!40101 SET character_set_client = utf8 */;
CREATE TABLE `Discharge_Info` (
  `discharge_info_id` bigint(20) NOT NULL,
  `doctor_id` bigint(20) DEFAULT NULL,
  `diagnosis` varchar(20) COLLATE utf8mb4_unicode_ci DEFAULT NULL,
  `discharged_status` varchar(20) COLLATE utf8mb4_unicode_ci DEFAULT NULL,
  `discharged_time` datetime NOT NULL,
  `discharged_note` varchar(20) COLLATE utf8mb4_unicode_ci DEFAULT NULL,
  `nutrition` varchar(20) COLLATE utf8mb4_unicode_ci DEFAULT NULL,
  PRIMARY KEY (`discharge_info_id`),
  KEY `doctor_id` (`doctor_id`),
  CONSTRAINT `Discharge_Info_ibfk_1` FOREIGN KEY (`doctor_id`) REFERENCES `Doctor` (`doctor_id`)
) ENGINE=InnoDB DEFAULT CHARSET=utf8mb4 COLLATE=utf8mb4_unicode_ci;
/*!40101 SET character_set_client = @saved_cs_client */;

--
-- Dumping data for table `Discharge_Info`
--

LOCK TABLES `Discharge_Info` WRITE;
/*!40000 ALTER TABLE `Discharge_Info` DISABLE KEYS */;
INSERT INTO `Discharge_Info` VALUES (65488,324031,'Quod sint iure archi','Dicta et illo eius n','2021-10-27 01:53:23','Voluptas ipsum quide','Incidunt saepe ipsam'),(65575,324051,'Itaque nisi fuga con','Laborum et eum asper','2021-10-20 20:32:41','Distinctio eum ut ev','Consequatur dolores '),(65746,324005,'Non maiores est volu','Tempora ea corrupti ','2021-11-05 19:20:25','Voluptatem similique','Et est in illum ea. '),(65755,324013,'Quis aut quia autem ','Similique accusantiu','2021-10-27 18:20:54','Ab nisi excepturi ex','Nam officiis autem m'),(65915,324008,'Odit commodi error u','Explicabo vel molest','2021-10-28 10:03:54','Aperiam aut voluptat','Impedit corrupti exc'),(65929,324039,'Inventore beatae qui','Ad consequuntur eos ','2021-11-17 20:27:40','Sit numquam nihil po','Quo molestias harum '),(66022,324001,'Maxime ut quia minus','Libero et eos culpa ','2021-11-07 04:16:49','Amet quia tenetur mo','Aut rerum accusantiu'),(66303,324032,'Numquam voluptas qui','Consequatur nam corr','2021-10-26 05:58:23','Impedit dolores aut ','Dolores facere dolor'),(66474,324018,'Fuga vel est molliti','Qui blanditiis rerum','2021-11-06 19:56:36','Neque quia inventore','Velit et repellat qu'),(66542,324042,'Ut nostrum ea autem.','Dolores dolores nihi','2021-11-12 21:19:50','Impedit sint fugiat ','Reprehenderit provid'),(66576,324016,'Voluptates sed molli','Praesentium ut eius ','2021-11-02 20:42:16','Cum dignissimos pers','Recusandae vitae non'),(66621,324044,'Omnis rem nisi qui q','Et ut asperiores et ','2021-11-09 20:40:32','Quae voluptatibus as','Et suscipit quos har'),(66623,324047,'Nihil sit qui repudi','Quia nam ipsa nihil ','2021-11-14 06:23:24','Voluptate itaque mol','Neque optio non est '),(66646,324045,'Cupiditate dolor at ','Qui nam voluptate ni','2021-11-02 07:15:22','Vitae temporibus seq','Laudantium minus aut'),(66801,324002,'Laboriosam aut facil','Ut laudantium illum ','2021-10-31 23:30:34','Amet cumque et minus','Perspiciatis dolores'),(66920,324017,'Soluta nemo quia ali','Sit nostrum est fuga','2021-10-25 09:13:43','Quasi expedita ut eo','Eum reprehenderit vo'),(67274,324043,'Nemo laboriosam mole','Est unde ut odio duc','2021-11-17 05:20:09','Expedita vel dolores','Voluptatem quibusdam'),(67287,324050,'Aut ex neque quia ma','In voluptatem commod','2021-11-06 14:12:34','Natus itaque nemo eu','Sunt dolorum modi sa'),(67302,324009,'Consequatur deserunt','Repellendus inventor','2021-10-23 16:07:35','Explicabo ut veniam ','Non quia aut quidem '),(67369,324054,'Animi quod magni dol','Rem voluptates moles','2021-10-28 09:02:35','Repudiandae esse acc','Dolor vel autem fuga'),(67453,324048,'Molestiae itaque nec','Et pariatur cupidita','2021-10-27 22:44:16','Voluptatem nobis mol','Eos qui facere est r'),(67466,324020,'Accusantium in autem','Quia officiis ut qui','2021-10-31 01:46:55','Doloremque nam volup','Et voluptatem qui do'),(67489,324008,'Distinctio iure sit ','Nihil sed deserunt h','2021-10-28 09:20:04','Nemo et fugiat quis ','Maiores ad sapiente '),(67499,324026,'Itaque ea rerum cons','Omnis ipsa quo ut qu','2021-11-09 01:26:31','Repudiandae dolores ','Nam alias consequatu'),(67538,324002,'Et sit deserunt et f','Totam esse veniam no','2021-11-17 21:10:16','Nemo nemo labore asp','Qui minima ullam est'),(67647,324018,'Tenetur et quia quo.','Aut dicta et dolore ','2021-11-17 04:19:45','Nam doloribus ut qui','Quia accusamus volup'),(67680,324006,'Et accusantium et di','Dignissimos sint omn','2021-11-17 05:20:55','Molestiae commodi hi','Rerum ab est dolorib'),(67689,324009,'Iste assumenda facer','Qui eaque est mollit','2021-11-14 04:36:19','Est accusamus quia n','Voluptas officia rep'),(67740,324034,'Voluptates aliquam s','Repellendus nesciunt','2021-10-19 02:04:00','Rerum ut et perferen','Consequatur qui aper'),(67745,324049,'Cum temporibus quod ','Nisi quidem nemo qua','2021-11-10 09:49:23','Enim totam dolore ex','Est iusto natus quis'),(67748,324007,'Neque delectus sed r','Voluptate rerum aut ','2021-11-06 05:11:57','Fuga nihil nam volup','Repellendus non rati'),(67782,324010,'Sed neque saepe vel ','Debitis rerum reicie','2021-11-15 06:40:09','Explicabo repudianda','Similique blanditiis'),(67862,324046,'Repellendus vel est ','Et est molestiae rep','2021-11-02 09:06:31','Itaque voluptatum es','Eos ea et ad illo. N'),(67914,324032,'Accusamus qui et rep','Nulla cum nobis in q','2021-11-10 06:43:26','Earum dolores minima','Mollitia deserunt it'),(67919,324050,'Nostrum consequuntur','Enim esse odit volup','2021-10-26 01:25:47','Laudantium voluptas ','Rerum quos explicabo'),(67967,324037,'Distinctio voluptas ','Est et voluptate id ','2021-11-12 19:46:00','Aut vero ab quisquam','Harum quo aspernatur'),(68189,324003,'Dignissimos voluptat','Quod accusantium qui','2021-10-30 17:37:34','Et rem et rerum nobi','Ut voluptates vel qu'),(68197,324035,'Voluptas delectus ne','Voluptatibus volupta','2021-11-12 03:09:29','Quasi et aperiam qui','Et at nihil nobis ve'),(68315,324025,'Eligendi dolorem tem','Quasi architecto ull','2021-10-19 03:39:02','Occaecati est ipsam ','Sit dignissimos ad e'),(68316,324036,'Deleniti sed odio la','Dolorum quidem repud','2021-11-09 02:56:23','Voluptatum laborum o','Et rem eaque vitae. '),(68501,324002,'Beatae et distinctio','Possimus sunt porro ','2021-11-06 02:08:44','Omnis consectetur vo','Corrupti voluptatibu'),(68710,324038,'Ut vero exercitation','Dicta ab vel recusan','2021-11-09 12:23:16','Rerum possimus corru','Eaque facere praesen'),(68756,324038,'Ad corporis numquam ','Odit ratione praesen','2021-11-02 22:21:10','Est consectetur quam','Aliquam vel omnis ex'),(68799,324060,'Vel vero occaecati q','Hic odit aut ipsa re','2021-10-23 03:10:59','Eos dolores eveniet ','Exercitationem id es'),(68873,324015,'Et tenetur voluptate','Fuga occaecati maior','2021-10-18 10:03:02','Eos inventore assume','Quasi ut eos digniss'),(68984,324003,'Amet repellendus asp','Accusantium eligendi','2021-11-03 11:03:31','Quos nesciunt odio n','Labore qui vero aut '),(69057,324026,'Quisquam ea qui sit ','Nihil pariatur dolor','2021-11-01 05:44:21','Dicta maiores ipsum ','Et laboriosam nulla '),(69081,324060,'Atque minus sunt har','Sed recusandae omnis','2021-10-26 05:25:39','Rerum quia enim eum ','Totam omnis nesciunt'),(69083,324053,'Debitis velit odit i','Itaque est dolorem c','2021-11-01 21:53:35','Doloremque quia iust','Ipsa culpa dolorum q'),(69109,324025,'A delectus nihil sed','Accusamus vel repudi','2021-10-28 07:31:15','Nemo velit nisi et l','Et magnam maiores do'),(69220,324003,'Dolorum sit laborum ','Quis cum id corporis','2021-10-24 04:46:38','Provident nulla illo','Ipsam veritatis aliq'),(69415,324049,'Vel similique fuga e','Enim qui et assumend','2021-11-10 03:01:57','Voluptatibus ut offi','Harum sed nesciunt q'),(69445,324040,'Totam saepe voluptat','Facilis dolorem aliq','2021-11-04 19:28:12','Voluptate minima sap','Id dolore aut natus '),(69529,324054,'Architecto in necess','Perferendis eligendi','2021-10-29 18:45:24','Et suscipit quod aut','Quam sit asperiores '),(69557,324044,'Minus aliquid conseq','Asperiores exercitat','2021-11-05 16:21:33','Eum rem omnis libero','Nihil quis doloremqu'),(69563,324026,'Velit temporibus quo','Magni tenetur quod q','2021-11-15 05:00:51','Expedita maxime earu','Rerum ut temporibus '),(69643,324054,'Ducimus culpa laboru','Ut temporibus natus ','2021-10-27 04:30:53','Corrupti ullam maxim','Et esse velit eius. '),(69656,324017,'Molestiae molestiae ','Dolorem eveniet pers','2021-11-12 23:08:50','Est quis molestias d','Praesentium voluptat'),(69817,324016,'Molestiae dolore est','Ipsa rerum commodi m','2021-11-16 20:18:24','Ut dolor sapiente ut','Debitis a maiores te'),(69823,324012,'Voluptate enim nihil','Omnis rem eveniet es','2021-10-22 12:29:14','Ipsa quia consequunt','Veniam eos magni qui'),(69843,324000,'Possimus aut qui vol','Dolore illo asperior','2021-11-15 20:54:54','Aspernatur distincti','Aut quibusdam ut nec'),(69900,324045,'Ut possimus omnis an','Non voluptatem at is','2021-10-28 18:56:23','Harum tempore verita','Sint voluptatem ea e'),(70179,324017,'Et aperiam molestiae','Ut omnis qui accusan','2021-11-01 06:37:05','Impedit vero ex nost','Rem et fuga pariatur'),(70191,324018,'Voluptas odit molest','Deleniti officiis se','2021-10-21 04:04:41','Ipsum aut hic mollit','Cumque in quaerat do'),(70222,324020,'Fuga et repellendus ','Eum minus illo saepe','2021-11-03 03:36:52','Aut harum iste autem','Error quis dolor con'),(70280,324057,'Eligendi sequi velit','Et excepturi cumque ','2021-10-26 17:44:15','Sint voluptatem quia','Assumenda impedit te'),(70300,324019,'Quibusdam saepe sit ','Quae recusandae ut r','2021-10-31 22:27:41','Reiciendis nobis et ','Atque ab voluptate r'),(70487,324053,'Ducimus qui repellat','Molestiae vero culpa','2021-10-18 10:53:46','Veritatis cum adipis','Sunt tenetur sunt ea'),(70520,324003,'Et est suscipit est ','Qui ipsum et vero ip','2021-10-24 20:37:33','Eveniet dicta ipsam ','Occaecati quia et de'),(70528,324031,'Fuga ratione qui acc','Et non cupiditate qu','2021-11-07 15:37:23','At nam voluptatem et','Est voluptatem corpo'),(70775,324051,'Quae alias quos quos','Dolore ratione qui r','2021-10-31 19:00:29','Id distinctio molest','Deserunt delectus vo'),(70796,324055,'Omnis sed corrupti e','Accusamus et enim op','2021-11-18 04:26:22','Ad veritatis nostrum','Consequatur consequa'),(70815,324004,'Ducimus vel at sed e','Hic labore itaque is','2021-11-16 03:22:52','In quidem quis labor','Iusto et modi pariat'),(70883,324053,'Maiores vel assumend','Dolorem nisi laborum','2021-11-07 22:38:33','Dicta quasi ullam of','Vel vero quo ea dolo'),(70891,324020,'Atque ad et est volu','Sint necessitatibus ','2021-11-15 15:11:25','Vero quis nisi asper','Vel ipsam impedit ul'),(70971,324040,'Aut ea ut rem sit cu','Quidem velit minima ','2021-11-17 14:22:56','Consectetur rem erro','Consectetur laborios'),(71046,324010,'Recusandae aspernatu','Qui delectus sequi v','2021-10-28 20:48:28','Voluptatem tempore d','Ipsum qui et repelle'),(71102,324032,'Deserunt magnam dolo','Unde minus cumque pl','2021-11-02 11:10:07','Laboriosam fuga vero','Neque illum nostrum '),(71195,324009,'Eveniet nisi debitis','Eum corporis volupta','2021-11-11 19:05:28','Aliquid ut fuga beat','Iusto laboriosam qua'),(71255,324029,'Est eos magni ut rer','Voluptas quia vero d','2021-11-17 11:37:11','Quis quidem odio sus','Dolorum consequatur '),(71493,324020,'Similique enim velit','Sequi sunt in iusto ','2021-10-24 13:40:56','Occaecati voluptates','Laboriosam ipsum pra'),(71534,324001,'Totam repellendus et','Officiis adipisci in','2021-11-05 17:36:39','Nihil nihil dolor es','Ab est voluptates ut'),(71602,324013,'Sed praesentium magn','Assumenda nobis ut s','2021-11-17 04:24:13','Et dolor repellendus','Voluptas quo cumque '),(71630,324056,'Error et voluptas qu','Eveniet iusto autem ','2021-10-24 02:45:50','Sint est dolorum per','Maiores eum molestia'),(71682,324014,'Officiis et voluptat','Facere odio sunt ips','2021-11-04 01:19:44','Id consequatur quasi','Expedita laborum ver'),(71742,324041,'Dolorem expedita eum','Culpa et et voluptat','2021-11-11 07:11:26','Et qui omnis volupta','Non cumque explicabo'),(71763,324060,'Voluptas rerum moles','Enim illo dolor natu','2021-10-26 01:37:47','Sunt dolor eos volup','Dolor molestiae est '),(71843,324017,'Adipisci at dignissi','Reprehenderit except','2021-11-08 08:26:38','Amet fuga ut maiores','Ut ad rerum dolorem '),(72254,324050,'Numquam et voluptate','Ea quas aut id fugia','2021-11-07 11:31:11','Officia quo cum ut t','Necessitatibus ab re'),(72306,324037,'Fugiat rerum eos sun','Occaecati aperiam qu','2021-11-01 19:41:21','Voluptatem et volupt','Et dicta eos quod fa'),(72368,324043,'Aut ipsa dolorem qua','Id magni dolorem mol','2021-11-06 01:33:31','Iusto at atque ut et','Ad ut quia sed asper'),(72402,324048,'Nihil adipisci simil','Aspernatur consequun','2021-11-12 15:13:38','Adipisci vitae repud','Qui aut quae non vol'),(72405,324054,'Qui et aliquid qui a','Excepturi sit sed om','2021-11-06 15:09:40','Numquam est totam es','Nihil aut in volupta'),(72641,324052,'Accusantium enim et ','Velit quos similique','2021-10-25 13:00:10','Qui ut repellendus c','Qui dolores dolorem '),(72666,324029,'Ullam assumenda quod','Dolores mollitia vol','2021-10-28 01:46:18','Quaerat et doloribus','Nobis magnam fugiat '),(72878,324023,'Doloremque quia labo','Neque blanditiis et ','2021-10-30 20:07:50','Sint praesentium eve','Libero est tempore c'),(72934,324056,'Dolorem perspiciatis','Est aliquid voluptat','2021-11-11 04:37:48','Dolores nobis volupt','Consequuntur illo ma'),(72953,324033,'Dolor quisquam dolor','Ea omnis tenetur pos','2021-11-03 03:29:18','Ipsa ducimus quo dig','Officia doloribus fa'),(73030,324039,'Sequi sunt corrupti ','Nisi ut dicta aperia','2021-10-23 18:32:04','Est voluptatum nulla','Quisquam ut magnam s'),(73047,324025,'Quod amet et soluta ','Est omnis omnis dolo','2021-11-04 22:01:28','Aliquid at blanditii','Voluptas voluptatem '),(73195,324048,'Est rerum qui magnam','Vero adipisci debiti','2021-11-10 21:23:15','Laudantium quasi ut ','Odit ad reprehenderi'),(73260,324023,'Sit voluptatem dolor','Quia dolores quia qu','2021-11-08 23:11:42','Nisi pariatur quas e','Magnam est dolores t'),(73274,324016,'Voluptas qui volupta','Accusantium voluptat','2021-11-15 04:00:32','Dolorem occaecati co','In nesciunt velit vo'),(73319,324029,'Corporis et quis non','Deserunt magni optio','2021-10-27 06:41:01','Officiis rerum facil','Ut veritatis molesti'),(73371,324051,'Minus saepe eligendi','Eos accusamus et aut','2021-10-20 01:30:23','Voluptatem vitae lab','Saepe dolor aut quam'),(73405,324021,'Adipisci harum dolor','Fuga commodi totam s','2021-11-07 12:40:31','Ducimus rerum aliqua','Quisquam temporibus '),(73546,324021,'Quia aspernatur quas','Perspiciatis explica','2021-10-21 13:28:34','Asperiores possimus ','Nam veniam maxime om'),(73644,324057,'Ut culpa pariatur vo','Nemo necessitatibus ','2021-10-28 22:35:34','Esse nisi quo velit ','Iure enim ut aut in '),(73679,324008,'Sit et dignissimos q','Ut rem quasi et culp','2021-11-09 10:39:01','Et maxime qui sed co','Aut rerum tempora do'),(73697,324045,'Ab eum quos voluptat','Et nesciunt cumque n','2021-10-21 10:30:03','Voluptatem commodi q','Accusantium inventor'),(73822,324053,'Nihil aut dolorem id','Quos rerum accusanti','2021-11-07 19:11:33','Sequi aliquam unde e','Voluptate quam minus'),(73932,324057,'Rerum sit temporibus','Accusamus est aut vo','2021-11-17 17:08:31','Voluptatum delectus ','Quia minima corporis'),(73947,324047,'Quos excepturi totam','Labore vitae eos ut ','2021-11-13 18:25:50','Sequi tempore quisqu','Id provident similiq'),(74100,324007,'Quis officia et impe','Ea deserunt harum ha','2021-11-05 02:48:24','Nostrum quia quibusd','Consequuntur esse al'),(74135,324031,'Sit iure eum porro a','Ut possimus est reru','2021-10-27 13:56:49','Deserunt aut accusan','Quia fugiat nesciunt'),(74405,324004,'Qui qui soluta dolor','Alias maiores maiore','2021-11-08 05:46:02','Ut doloremque saepe ','Inventore in qui adi'),(74429,324022,'Dolor libero volupta','Sequi magni velit mo','2021-11-17 18:36:21','Ut eveniet qui amet ','Tenetur alias sed es'),(74667,324000,'Laborum aut enim vol','Autem quam necessita','2021-11-07 20:22:30','Et et placeat quisqu','Eveniet et incidunt '),(74848,324000,'Sed aspernatur minim','Aut ullam quis praes','2021-11-10 00:05:55','Reiciendis iure solu','Perspiciatis iste vo'),(74879,324035,'Sequi tempora omnis ','Maxime corporis dele','2021-11-14 23:58:34','Incidunt pariatur qu','Non molestiae cum co'),(74896,324024,'Ullam non eos tempor','In voluptates corrup','2021-11-15 18:01:45','Ut doloribus et dese','Rerum pariatur lauda'),(74900,324001,'Ut dignissimos quasi','Nostrum et molestiae','2021-11-07 11:38:44','Est consectetur labo','Molestiae mollitia o'),(75102,324042,'A eius temporibus ip','Ea impedit minima no','2021-11-04 14:18:24','Debitis nesciunt dol','Id illum voluptatem '),(75115,324002,'Velit optio id et no','Unde voluptatem est ','2021-11-17 20:42:50','Qui a tempore expedi','Velit aut non molest'),(75146,324001,'Consequuntur ut nihi','Qui illo qui corrupt','2021-11-07 05:38:29','Sed et aliquam ducim','Dolores in voluptas '),(75261,324000,'Consequuntur est con','Sequi nemo et omnis ','2021-10-31 13:59:09','Qui doloremque assum','Ut autem odit aspern'),(75263,324028,'Ut neque aut asperna','Commodi ab cumque et','2021-11-11 07:34:16','Et eos est cumque et','Iure repudiandae eos'),(75264,324021,'Nam voluptas nulla p','Illum aliquid tempor','2021-11-15 06:05:28','Dicta quasi ea qui a','Ipsa expedita tempor'),(75272,324034,'Sequi maxime qui ist','Blanditiis doloribus','2021-10-27 19:26:50','Eos rerum nam et ven','Minima nihil id dist'),(75400,324051,'Vel et alias totam i','Maxime provident et ','2021-10-22 05:02:17','Similique voluptas s','Consequatur atque es'),(75416,324032,'Quibusdam sit et vel','Consequatur nesciunt','2021-11-17 01:36:26','Distinctio et molest','Accusamus cumque vel'),(75444,324022,'At et omnis harum re','Odit doloribus tenet','2021-11-12 01:20:00','Voluptatem dolores a','Ullam quod totam dol'),(75517,324028,'Quibusdam doloremque','Modi facere quo enim','2021-11-09 03:51:48','Eos eaque molestias ','Quam sapiente ea dol'),(75611,324030,'Iusto sint aut quo q','Est consequatur a do','2021-11-04 22:14:05','Repudiandae ut ut do','Rerum et dignissimos'),(75723,324059,'Neque quia voluptate','Et nam facilis bland','2021-10-25 03:49:40','Iusto enim pariatur ','Necessitatibus sed s'),(75820,324012,'Sed et aspernatur di','Tempore deleniti rec','2021-11-07 16:17:56','Quam qui magnam aut ','Expedita earum ipsum'),(75822,324031,'Aliquam ut dolor sol','Nihil unde in et qui','2021-10-30 09:26:06','Et culpa sunt tempor','Omnis officiis quasi'),(75828,324050,'Maiores voluptate do','Sunt debitis molesti','2021-10-31 14:05:14','Sint consequatur exp','Consectetur ipsam ve'),(76434,324037,'In dolore placeat ev','Nemo cum necessitati','2021-11-10 00:04:51','Aut quis vitae eum u','Ullam asperiores aut'),(76526,324004,'Officiis recusandae ','Sed et consequatur h','2021-10-28 00:43:57','Et dolores placeat r','Officiis consequatur'),(76532,324014,'Delectus quia enim q','Ratione praesentium ','2021-10-24 03:16:43','Magnam excepturi eiu','Soluta eveniet repud'),(76567,324013,'Ut tempore aspernatu','Doloremque molestiae','2021-11-13 09:09:38','Omnis soluta veniam ','Aut ab aut perspicia'),(76592,324014,'Maiores necessitatib','Possimus accusamus d','2021-11-04 17:42:19','Repellendus providen','Pariatur voluptate q'),(76654,324040,'Dolor consectetur re','Harum quibusdam quo ','2021-11-07 07:04:49','Et hic excepturi asp','Iusto recusandae nos'),(76703,324003,'Ut est odio autem ex','Eius commodi eveniet','2021-11-04 12:00:49','Sed velit esse volup','Atque eius tempore n'),(76839,324045,'Maiores sequi sit de','Sit laborum sed aut ','2021-10-23 19:53:09','Facere dolorum repud','Accusamus facilis id'),(76840,324060,'Beatae corrupti null','Architecto illo fugi','2021-10-21 13:29:07','Repudiandae rerum fa','Qui veritatis doloru'),(76843,324053,'Consequatur quos nem','Voluptas cupiditate ','2021-10-25 09:27:55','Rerum in dignissimos','Fuga deleniti aut es'),(76856,324016,'Assumenda modi occae','Maiores aperiam veli','2021-10-30 17:22:15','Quasi odit quos non ','Est pariatur aliquam'),(76879,324048,'Sit consequatur temp','Dicta harum aut odit','2021-10-24 22:40:51','Non ipsa et quia sed','Numquam velit saepe '),(76921,324039,'Cum consequatur offi','Incidunt commodi max','2021-10-20 04:37:47','Inventore adipisci v','Aspernatur quam repe'),(77004,324043,'Officiis qui assumen','Provident est cum qu','2021-10-28 09:34:19','Porro nobis laborios','Nihil expedita qui v'),(77025,324030,'Assumenda beatae nes','Quo et eveniet natus','2021-11-10 03:00:55','Eum natus ullam dolo','Dolores ipsa quaerat'),(77027,324024,'Molestias optio quid','Aut corporis recusan','2021-10-25 19:07:06','Voluptas odit saepe ','Sunt omnis enim dolo'),(77052,324033,'Fugit consequatur ei','Eos qui nesciunt eli','2021-11-11 00:16:41','Labore repellendus n','Sapiente hic consequ'),(77099,324038,'Aut consequuntur qua','Omnis officia qui et','2021-10-28 15:31:11','Consequatur quasi no','Delectus voluptatem '),(77154,324007,'Incidunt aliquam com','Voluptatem distincti','2021-10-23 22:03:36','Aut aut quasi nam es','Neque id sed id et q'),(77192,324019,'Mollitia voluptate q','Exercitationem conse','2021-11-10 20:19:23','Sed vitae voluptas o','Rem et ullam ipsam q'),(77306,324007,'Blanditiis corrupti ','Cum ducimus alias la','2021-11-13 16:07:37','Explicabo ullam natu','Modi libero quasi es'),(77380,324059,'Sint similique eum a','Occaecati dolor sunt','2021-11-08 17:32:30','Sunt dolores nemo su','Accusamus architecto'),(77438,324054,'Nemo sint vitae reru','Officiis sapiente et','2021-11-11 02:47:15','Maxime omnis sit quo','Delectus esse sunt s'),(77661,324028,'Ut rem assumenda sed','Cum magnam adipisci ','2021-11-18 07:55:39','Ut reprehenderit ver','Magnam sint sed accu'),(77671,324036,'Deserunt dolores qui','At soluta quo eos co','2021-11-15 04:07:32','Recusandae repellat ','Repudiandae fugiat r'),(77715,324041,'Eum et laborum in ni','Omnis perferendis qu','2021-10-31 18:13:01','Omnis quia dolorem n','Itaque facilis labor'),(77749,324010,'Rerum nobis quia pro','Quaerat et ipsum id ','2021-11-14 04:17:32','Voluptatem et eligen','Soluta laborum nihil'),(77789,324011,'Sit molestiae dicta ','Enim iusto rerum rep','2021-10-28 10:45:42','Nesciunt nesciunt qu','Molestias unde nisi '),(77917,324024,'Veniam dolorem qui m','Natus perferendis si','2021-11-04 18:47:32','Adipisci numquam cor','Qui et alias laborio'),(78325,324057,'Corrupti assumenda r','Aliquam aut et facil','2021-11-18 05:12:58','Sit distinctio non s','Nam voluptatem magna'),(78402,324022,'Ut voluptatibus assu','Voluptatem facilis c','2021-10-30 10:57:34','In hic aut perferend','Temporibus deleniti '),(78452,324036,'Commodi qui dignissi','Reprehenderit velit ','2021-10-24 02:11:50','Doloribus enim facil','Sit voluptatum aut d'),(78814,324004,'Sunt distinctio inci','Non ut corrupti non ','2021-10-27 01:31:46','Officia laborum ex s','Necessitatibus harum'),(78859,324024,'Non commodi quia per','Quis aut omnis non h','2021-10-24 00:48:44','Et corporis ut modi ','Perspiciatis sint au'),(78885,324012,'Eum reprehenderit qu','Officia ut officia a','2021-10-18 11:47:46','Voluptatem itaque mo','Sunt dolorem quam re'),(78912,324011,'Doloremque a nobis o','Accusamus itaque sed','2021-11-05 18:33:09','Omnis et reprehender','Vitae consequuntur a'),(78920,324010,'Non est sunt delectu','Magni reiciendis nih','2021-10-29 00:26:11','Recusandae nam ea an','Numquam accusantium '),(78973,324037,'Sed pariatur laudant','Accusantium pariatur','2021-10-25 05:29:19','Neque vel eos iure e','Eum doloremque aut v'),(79087,324019,'Laboriosam dolores n','Sint molestiae volup','2021-11-07 19:12:26','Perferendis totam vo','Quos error autem ut '),(79229,324047,'Deserunt cum consequ','Iure perspiciatis of','2021-11-14 20:44:28','Repellendus consequa','Fugit voluptatem sim'),(79234,324011,'Nobis illum commodi ','Magni blanditiis dol','2021-11-13 05:57:52','Ratione aut illum te','Quia qui quod explic'),(79303,324029,'Fugiat placeat sunt ','Est fuga sit ullam n','2021-11-08 20:48:04','Occaecati optio iure','Molestiae nam in max'),(79386,324055,'Sint non accusamus o','Nihil et libero atqu','2021-10-29 05:29:16','Hic autem voluptatem','Sed temporibus minus'),(79467,324012,'Ipsum eaque ab dolor','Vel voluptatem susci','2021-11-04 19:30:49','Sint et mollitia qua','Exercitationem eius '),(79538,324056,'Corporis dignissimos','Quo sit beatae et re','2021-10-27 20:03:41','Est est voluptatum i','Facilis quia possimu'),(79689,324015,'Non neque consequatu','Nisi doloremque modi','2021-10-28 08:56:21','Praesentium libero p','Sed eos consequatur '),(79724,324009,'Doloribus nulla dele','Et illum tempore nes','2021-11-15 09:53:11','Voluptatem est conse','Ut alias est nisi ex'),(79725,324046,'A excepturi error so','Eligendi quis modi n','2021-11-13 13:55:40','Est iusto magni quae','Cum et perferendis e'),(79824,324006,'Sequi voluptatem vol','Voluptatum odio cum ','2021-11-01 18:15:34','Harum ut accusantium','Aut voluptates facil'),(80031,324023,'Earum ipsam minus il','Et fuga perspiciatis','2021-10-28 09:08:10','Quidem eum debitis a','Dicta quia dolore ha'),(80238,324042,'Fuga deserunt enim c','Et voluptatibus dele','2021-10-19 19:24:32','Vel repellat minima ','Nesciunt fugit occae'),(80285,324025,'Aut qui aut quibusda','Tempore quia eum qui','2021-10-31 15:32:00','Deserunt aliquid adi','Rem labore mollitia '),(80319,324015,'Quod odit et a vitae','Non minima excepturi','2021-11-05 10:15:56','Quam architecto aliq','Deserunt excepturi r'),(80427,324032,'Voluptatem cupiditat','Alias omnis hic sunt','2021-11-01 11:12:45','Aut omnis ut qui num','Quidem quo quaerat r'),(80529,324033,'Temporibus saepe lib','At repellendus magni','2021-11-13 19:24:41','Repudiandae optio pl','Iste fuga adipisci h'),(80634,324046,'Laboriosam dolorum m','Omnis omnis dolores ','2021-10-29 04:57:39','Est dolores dolor eu','Placeat sit pariatur'),(80640,324058,'Vitae eum aspernatur','Eum dignissimos simi','2021-10-25 11:12:15','Odit vitae quaerat t','Aut accusantium aut '),(80727,324058,'Cupiditate distincti','Fugiat aperiam dolor','2021-11-02 14:37:09','Natus quos cum dicta','Dicta atque in illum'),(80731,324033,'Quo quis est omnis e','Asperiores animi sap','2021-11-04 18:07:59','Quidem excepturi asp','Culpa sed nemo qui a'),(80779,324046,'Voluptatem aut susci','Nam sint quis iste m','2021-11-03 19:11:40','Necessitatibus esse ','Ab velit aliquid vol'),(80818,324018,'Aut tempora odit qui','Expedita reprehender','2021-11-02 00:49:23','Corporis dignissimos','Expedita cupiditate '),(80835,324022,'Et iste voluptatibus','Sequi ut architecto ','2021-11-17 04:07:24','Praesentium nemo et ','Maiores vero praesen'),(80862,324023,'Odio pariatur amet q','Repellat sint id in ','2021-11-06 23:27:41','Sint id tempora moll','Commodi quaerat sunt'),(80871,324002,'Placeat architecto n','Fugit magni molestia','2021-10-21 09:56:43','In maxime dolor beat','Ut labore maiores ut'),(80952,324045,'Est soluta exercitat','Alias repellat earum','2021-11-08 08:20:40','Laboriosam omnis et ','In rerum voluptate e'),(81034,324049,'Minus iure fuga illo','Cum minima sed paria','2021-10-28 19:01:26','Vitae aperiam repudi','Temporibus saepe mod'),(81059,324013,'Omnis asperiores vol','Architecto omnis fug','2021-11-01 16:47:08','Eos ut qui et dolore','Repellendus quod vel'),(81097,324020,'Perspiciatis dolorib','Quam ad id quaerat l','2021-10-19 00:52:15','Aut tenetur rerum re','Est quia dolorem eos'),(81194,324052,'Tempore dolorem nesc','Perferendis id harum','2021-10-21 04:14:42','Aut maiores quisquam','Ut maxime asperiores'),(81246,324028,'Occaecati voluptatem','Dolorem aut sit est ','2021-11-13 05:47:16','Sit quae dolorum exp','Ut et ea ab ea omnis'),(81349,324006,'Eos ab cupiditate no','Atque aut sit est su','2021-11-09 19:21:49','Ut sint vel laborum ','Quae vel vitae in. I'),(81354,324005,'Maiores et ex volupt','Quisquam architecto ','2021-10-24 00:13:52','Enim voluptas magni ','Porro autem magnam v'),(81562,324041,'Itaque repellat fugi','Ea sed corporis aut ','2021-10-30 19:11:08','Sit accusantium at c','Quia veritatis nulla'),(81563,324042,'Veritatis temporibus','Cupiditate consequat','2021-11-03 07:16:27','Optio minus cumque h','At tempore molestias'),(81633,324015,'Error illum et ipsa ','Aut vel autem occaec','2021-11-01 11:56:21','Enim necessitatibus ','Et est laudantium eu'),(81689,324041,'Corporis sint dolore','Voluptatem consequat','2021-11-03 17:36:10','Aperiam expedita et ','Excepturi ipsum unde'),(81840,324008,'Tempore odio officii','Eaque facere ex tota','2021-11-16 23:55:46','Ducimus id non nemo ','Consequatur velit bl'),(81911,324038,'Doloremque et explic','Non sunt ipsa quo ne','2021-11-16 09:08:16','Sunt inventore et ev','Eveniet officia aspe'),(82144,324059,'Praesentium dolorem ','Et assumenda cumque ','2021-11-05 15:45:07','Numquam voluptas del','Earum nobis quam occ'),(82264,324016,'Voluptatum consequat','Nihil enim et sequi ','2021-11-12 04:00:23','Et et aut sint dolor','Praesentium magni et'),(82392,324018,'Est rerum laboriosam','Atque accusamus nobi','2021-10-23 12:57:22','Quo nostrum nulla es','Itaque accusantium n'),(82408,324001,'Aliquam libero ab cu','Nihil exercitationem','2021-11-05 03:45:30','Soluta ratione culpa','Iusto alias reiciend'),(82515,324019,'Eum repellendus volu','Ut tempore rem numqu','2021-11-02 13:40:22','Voluptatum quae dele','Molestiae officia na'),(82562,324014,'Laborum deleniti fug','Magnam est fuga et. ','2021-11-15 11:40:12','Reiciendis qui illo ','Minus quia a ipsa so'),(82721,324055,'Nulla iste iure aper','Blanditiis omnis rep','2021-10-23 12:01:47','Adipisci voluptas ex','Accusantium quia vol'),(82734,324044,'Dignissimos sunt inv','Reprehenderit sequi ','2021-10-28 02:36:50','Et nam in dolor sed ','Similique aperiam it'),(82860,324019,'Repellendus magni au','Ducimus enim ipsum a','2021-11-02 00:12:26','Harum rem ut consequ','Iste nisi possimus o'),(82909,324010,'Assumenda tempora de','Ad aspernatur maxime','2021-10-18 15:15:54','Ducimus et hic facil','Quos laborum delectu'),(82964,324030,'Et sint ad ipsa maxi','Facilis sed consequa','2021-10-19 13:13:53','Facere debitis unde ','Qui autem laudantium'),(82977,324026,'Reiciendis quos et d','Rerum natus animi es','2021-11-04 03:38:17','Quidem explicabo sit','Incidunt quasi quibu'),(83267,324006,'Et autem nisi earum ','Ullam magnam volupta','2021-10-25 00:38:52','Enim fuga ut maiores','Dolorem quia eaque e'),(83272,324026,'Sint ut sit voluptas','Voluptatem qui dolor','2021-11-05 04:02:15','Error quis accusamus','Odio assumenda ut te'),(83453,324058,'Error maiores dolore','Provident consequunt','2021-11-04 02:21:28','Occaecati totam aute','Aspernatur architect'),(83499,324048,'Officiis quae est cu','Nisi vero dolorum eo','2021-10-20 11:13:52','Voluptatibus consequ','Nobis quos similique'),(83505,324056,'Harum sint minima co','Suscipit magnam dele','2021-11-16 02:28:23','Et nobis velit quibu','Beatae vel maxime no'),(83510,324030,'Autem et quam ut acc','Nam reiciendis amet ','2021-11-01 02:52:12','Animi perferendis a ','Nihil eos voluptatem'),(83534,324052,'Ratione porro volupt','Necessitatibus ad un','2021-10-23 03:19:41','Ut dolorem eligendi ','Adipisci enim recusa'),(83606,324034,'Qui est voluptas rer','Dolorum voluptatem t','2021-11-14 08:10:32','Assumenda et ut aspe','Sunt non et atque qu'),(83675,324005,'Consectetur est sunt','Sequi sapiente qui r','2021-10-28 18:17:33','Nostrum quo aut cons','Delectus est non lab'),(83825,324047,'Consequatur vero et ','Et beatae et eos sin','2021-11-02 19:49:23','Quis sit quo error l','Sapiente ea tempore '),(83860,324014,'In rem perferendis e','Dolore voluptatem do','2021-10-29 11:45:42','Qui reprehenderit du','Aut dolores veritati'),(83863,324037,'Exercitationem animi','Itaque praesentium h','2021-11-11 02:20:48','Vel provident dolore','Veritatis voluptatem'),(83913,324046,'Ea cupiditate quia c','Aut sunt facere nihi','2021-11-14 18:34:21','Optio veniam et volu','Culpa ab dolorem ut '),(83981,324042,'Quidem quia velit iu','Sequi aspernatur mod','2021-11-05 00:07:06','Sit aut facilis pari','Quam dolorum officia'),(84039,324024,'Et ipsam quam iure q','Deleniti ut et dolor','2021-10-22 15:50:17','Reprehenderit corrup','Necessitatibus animi'),(84099,324047,'Voluptatem voluptatu','Rerum eius voluptatu','2021-11-05 14:27:45','Aut consequuntur ver','Corporis quis tempor'),(84259,324036,'Est officiis sint pe','Fuga omnis placeat i','2021-10-22 14:49:43','Veritatis nihil sapi','Excepturi itaque rer'),(84384,324033,'Et optio quia archit','Enim earum quas et d','2021-11-02 23:18:51','Deserunt rerum provi','Possimus eligendi au'),(84485,324015,'Et quisquam distinct','Corrupti qui aut com','2021-11-13 23:46:47','Eligendi voluptatem ','Voluptatibus veniam '),(84649,324055,'Libero mollitia repu','Asperiores in nisi i','2021-11-05 16:23:01','Assumenda qui rem di','Est consectetur et s'),(84768,324011,'Tempora omnis sit ni','Ea asperiores optio ','2021-11-12 01:32:45','Repellat sapiente it','Maxime veritatis ita'),(84780,324012,'Eum autem earum aliq','Labore vel fugit non','2021-10-25 05:24:47','Doloribus quo repudi','Reprehenderit qui mi'),(84865,324041,'Quaerat consequatur ','Cum iste ea consequa','2021-10-21 23:31:48','Reprehenderit est ve','Ea quisquam eius con'),(84892,324051,'Quos aliquid sapient','Rerum velit sunt dol','2021-11-06 06:43:59','Possimus debitis ape','Enim ratione ea volu'),(84938,324035,'Dolores aut quae seq','Incidunt est quidem ','2021-11-10 03:35:45','Aut fugit eligendi i','Incidunt est volupta'),(84942,324031,'Sint sit dolore dolo','Id delectus vel sit ','2021-10-29 07:48:41','Quis temporibus cons','Dolores officiis rec'),(85113,324052,'Quisquam hic saepe d','Repellendus explicab','2021-10-22 17:22:13','Dolorem deserunt ear','Vero optio et volupt'),(85137,324034,'Architecto non ipsam','Placeat iure nulla v','2021-11-02 08:25:15','Omnis illo distincti','Architecto sunt accu'),(85177,324005,'Eius quod natus enim','Et in iusto dolor fu','2021-11-11 04:10:39','Doloribus necessitat','Esse pariatur aliqui'),(85211,324030,'Omnis odit qui ut sa','Pariatur libero quid','2021-11-03 04:05:52','In ea possimus aut s','Quae eum commodi inv'),(85402,324039,'Architecto nisi et n','Ut distinctio conseq','2021-10-29 12:31:25','Sit ipsa iste qui en','Quam veniam quod ut '),(85418,324028,'Accusamus illo quasi','Facere laudantium ma','2021-11-10 02:43:11','Aliquid debitis sit ','Doloribus quas occae'),(85436,324056,'Repudiandae tempora ','Voluptatem alias fug','2021-10-23 19:36:25','Qui sed doloribus pe','Assumenda in volupta'),(85455,324029,'Id delectus dolorem ','Amet ut assumenda co','2021-10-28 12:17:15','Vel sit doloribus an','Illo quam qui qui vi'),(85541,324058,'Quibusdam rerum illu','Pariatur sapiente ve','2021-11-11 05:56:43','Quod nihil sunt blan','Ratione est et fuga '),(85583,324050,'Voluptas deleniti au','Voluptas rerum ipsam','2021-11-17 13:34:20','Autem sed consequatu','Repellendus libero e'),(85609,324005,'Eaque eos saepe non ','Ut modi et blanditii','2021-11-04 00:43:17','Eveniet eaque unde r','Et itaque et fugiat '),(85679,324025,'Voluptatem tenetur e','Nulla culpa adipisci','2021-11-11 20:35:12','Aperiam consequuntur','Quidem similique qui'),(85744,324059,'Unde ducimus quo et ','Perferendis explicab','2021-10-28 12:06:24','Labore aliquid adipi','Rerum unde id magnam'),(85757,324036,'Recusandae et sed et','Error culpa suscipit','2021-10-24 13:15:00','Et in dolores incidu','Ut neque vero porro '),(85791,324000,'Nesciunt consequatur','Modi tenetur ea qui.','2021-11-14 23:39:19','Officia omnis aliqua','Aut ea eum quia iure'),(85837,324022,'Voluptates rerum sed','Illo vero harum laud','2021-11-05 02:40:40','Minima quo quia et l','Omnis distinctio aut'),(85923,324052,'Dolorem enim est mag','Dolor velit modi rer','2021-11-14 16:57:36','Quo sed saepe tempor','Expedita commodi fug'),(85935,324021,'Enim facere doloremq','Et quae in veniam vo','2021-11-07 01:20:56','Laborum et dolor qui','Adipisci odit repreh'),(85937,324040,'Sed ratione deserunt','Optio suscipit non v','2021-11-05 11:35:03','Laboriosam excepturi','Ab quo aperiam incid'),(85976,324035,'Qui fugit impedit ap','Architecto qui est v','2021-11-14 14:56:38','In voluptatem ea est','Sunt consequatur non'),(86043,324049,'Sequi qui nesciunt a','Voluptas vel placeat','2021-10-20 00:36:13','Qui consequuntur lab','Debitis consequatur '),(86044,324059,'Ex facere consequatu','Eum atque quae labor','2021-11-10 13:49:48','Et voluptatum verita','Ut voluptatem dolore'),(86095,324017,'Nisi dolor et atque ','Vel mollitia sit cul','2021-10-23 21:43:10','Corrupti voluptatem ','Saepe hic et aut asp'),(86186,324013,'Suscipit voluptas vo','Expedita veniam libe','2021-10-29 18:10:55','Est rerum est conseq','Aperiam est est et. '),(86254,324040,'Magni qui eaque dolo','Est aliquam nulla ut','2021-11-12 22:11:02','Molestias explicabo ','Dolor ut officia vol'),(86282,324043,'Ab quia iure accusam','Id omnis ea officiis','2021-10-27 01:06:52','Occaecati omnis faci','Ex explicabo autem d'),(86286,324044,'Rerum dolores vel pa','Quis ea quia neque f','2021-11-01 21:37:21','Amet dolor labore ac','Consectetur dolor et'),(86368,324055,'Consequuntur reprehe','Possimus ut laudanti','2021-11-06 13:21:06','Expedita perspiciati','Ipsum deleniti incid'),(86403,324023,'Possimus maiores rei','Dolor fugiat explica','2021-10-21 11:30:38','Recusandae quo aut m','Qui facere in quia q'),(86427,324060,'Eius et officiis max','Voluptatem ex quidem','2021-11-11 07:19:28','Sit neque beatae lib','Quam praesentium rer'),(86528,324008,'Enim error incidunt ','Est optio quos vel l','2021-10-25 16:37:37','Aut et nemo consequa','Et qui ipsa officia '),(86688,324044,'Laudantium quia libe','Delectus est non est','2021-10-23 02:19:10','Iste expedita in vol','Reprehenderit commod'),(86874,324009,'Doloremque et dolore','Aspernatur qui dolor','2021-11-18 01:24:51','Ut eaque aspernatur ','Omnis ducimus quae a'),(86880,324006,'Odit impedit similiq','Unde omnis ab aut do','2021-11-10 12:52:18','Autem molestias illu','Sequi commodi non iu'),(86892,324011,'Rem harum beatae non','Incidunt sed ducimus','2021-11-15 21:23:17','Incidunt eum enim mi','Tenetur non fugiat m'),(86894,324035,'Qui non laborum cum ','Sed aliquam repellen','2021-11-15 08:36:45','Sint omnis modi fugi','Autem ut facere est '),(86911,324034,'Assumenda et hic ver','Eaque explicabo eos ','2021-10-21 07:18:20','Placeat consequuntur','Quia autem est tempo'),(86963,324058,'Odit ut minus repell','Ut quod fuga ullam s','2021-11-17 05:55:02','Dolorum repellendus ','Ipsam sint iure quia'),(87139,324004,'Ex quo qui nihil qui','Eum enim dolore veni','2021-10-31 17:51:25','Voluptatem ut velit ','Illo rem molestiae v'),(87141,324007,'Expedita necessitati','Eos et et aliquid it','2021-10-25 20:45:01','Omnis voluptas illum','Error natus voluptat'),(87264,324049,'Et ut eaque ut est f','Cumque ea nulla faci','2021-11-12 14:08:32','Culpa dolorum culpa ','Temporibus voluptate'),(87323,324039,'Eius hic quia ut. Se','At excepturi occaeca','2021-10-24 16:39:20','Magni aperiam non au','Consequatur delectus'),(87332,324043,'Ad temporibus quaera','Unde ea ea voluptas ','2021-10-27 00:26:13','Minima enim officia ','Ullam inventore nobi'),(87530,324021,'Ipsum quia consequun','Animi et quibusdam s','2021-11-03 21:55:45','Qui alias exercitati','Autem aliquam sint f'),(87532,324038,'Porro blanditiis cum','Rem rem placeat repr','2021-11-05 01:37:50','Accusantium eveniet ','Saepe cumque omnis o'),(87572,324057,'Et voluptatem accusa','Incidunt voluptas se','2021-10-28 08:04:37','Sit dignissimos quib','Et et nihil aut sit ');
/*!40000 ALTER TABLE `Discharge_Info` ENABLE KEYS */;
UNLOCK TABLES;

--
-- Table structure for table `Doctor`
--

DROP TABLE IF EXISTS `Doctor`;
/*!40101 SET @saved_cs_client     = @@character_set_client */;
/*!40101 SET character_set_client = utf8 */;
CREATE TABLE `Doctor` (
  `doctor_id` bigint(20) NOT NULL,
  `fname` varchar(20) COLLATE utf8mb4_unicode_ci NOT NULL,
  `lname` varchar(20) COLLATE utf8mb4_unicode_ci NOT NULL,
  `d_id` bigint(20) DEFAULT NULL,
  PRIMARY KEY (`doctor_id`),
  KEY `d_id` (`d_id`),
  CONSTRAINT `Doctor_ibfk_1` FOREIGN KEY (`d_id`) REFERENCES `Department` (`d_id`)
) ENGINE=InnoDB DEFAULT CHARSET=utf8mb4 COLLATE=utf8mb4_unicode_ci;
/*!40101 SET character_set_client = @saved_cs_client */;

--
-- Dumping data for table `Doctor`
--

LOCK TABLES `Doctor` WRITE;
/*!40000 ALTER TABLE `Doctor` DISABLE KEYS */;
INSERT INTO `Doctor` VALUES (324000,'Alexa','Breitenberg',100011),(324001,'Brennan','Schamberger',100016),(324002,'Adalberto','Ward',100013),(324003,'Palma','Schultz',100019),(324004,'Aglae','Weber',100011),(324005,'Tanya','Schmidt',100000),(324006,'Ana','Weissnat',100014),(324007,'Jaylin','Hagenes',100003),(324008,'Carrie','Klein',100000),(324009,'Lyda','Kuhlman',100016),(324010,'Dorris','Mills',100012),(324011,'Isaias','Parisian',100006),(324012,'Ruthie','Bogisich',100003),(324013,'Aisha','Wuckert',100020),(324014,'Tanner','Glover',100018),(324015,'Lauryn','Schaden',100015),(324016,'Cecilia','Stracke',100006),(324017,'Caleb','Treutel',100017),(324018,'Leola','Stehr',100019),(324019,'Nora','Jast',100016),(324020,'Ernestine','Dibbert',100001),(324021,'Micheal','Aufderhar',100004),(324022,'Mohamed','Reynolds',100018),(324023,'Lula','McGlynn',100003),(324024,'Bailey','Nitzsche',100014),(324025,'Anya','Howe',100006),(324026,'Alden','McCullough',100001),(324028,'Vickie','McClure',100019),(324029,'Narciso','Brekke',100003),(324030,'Lizeth','McCullough',100004),(324031,'Noemie','Schulist',100006),(324032,'Augusta','Weimann',100000),(324033,'Sid','Spinka',100010),(324034,'Abdullah','Schultz',100017),(324035,'Helga','Hilll',100011),(324036,'Vita','Cassin',100017),(324037,'Martin','Eichmann',100015),(324038,'Carley','Morar',100004),(324039,'Ciara','Shields',100015),(324040,'Danny','Hessel',100020),(324041,'Antonia','Simonis',100014),(324042,'Lucinda','Wehner',100013),(324043,'Jalon','Waelchi',100020),(324044,'Nathan','Klein',100007),(324045,'Cullen','Swaniawski',100015),(324046,'Ferne','Kovacek',100005),(324047,'Kristy','Baumbach',100018),(324048,'Chad','Ritchie',100007),(324049,'Amina','Koepp',100016),(324050,'Francesco','Lang',100005),(324051,'Sheldon','Leuschke',100009),(324052,'Trycia','Streich',100001),(324053,'Josianne','West',100020),(324054,'Jennie','Russel',100002),(324055,'Hailee','Kreiger',100005),(324056,'Tremayne','Wolf',100012),(324057,'Buddy','Kuhlman',100000),(324058,'Tatum','Schneider',100020),(324059,'Lee','Thiel',100010),(324060,'Emil','Gulgowski',100013),(324061,'Elza','Kuhlman',100010),(324062,'Jason','Okuneva',100012),(324063,'Micah','Ferry',100000),(324064,'Eduardo','Glover',100018),(324065,'Kenny','Koelpin',100013),(324066,'Monserrat','Schultz',100011),(324067,'Demarcus','Larkin',100013),(324068,'Nikko','Considine',100002),(324069,'Nathanial','Wisoky',100012),(324070,'Clint','Hills',100017),(324071,'Perry','McKenzie',100009),(324072,'Santino','Mosciski',100002),(324073,'Tabitha','Lindgren',100004),(324074,'Jensen','Beer',100007),(324075,'Gregoria','Glover',100009),(324076,'Barry','Dach',100002),(324077,'Nels','DuBuque',100016),(324078,'Kelly','Senger',100001),(324079,'Tabitha','Ferry',100014),(324080,'Kevon','Ward',100014),(324081,'Cade','Thompson',100005),(324082,'Gianni','Hane',100004),(324083,'Modesto','McDermott',100009),(324084,'Gonzalo','Konopelski',100011),(324085,'Bobbie','Bechtelar',100019),(324086,'Raheem','Stokes',100010),(324087,'Maymie','Swift',100012),(324088,'Lindsey','Kerluke',100007),(324089,'Karl','Satterfield',100001),(324090,'Casandra','Hickle',100009),(324091,'Vinnie','Weber',100019),(324092,'Cindy','Olson',100017),(324093,'Tod','Boehm',100005),(324094,'Guiseppe','Moore',100006),(324095,'Janiya','Gerlach',100007),(324096,'Haskell','McClure',100002),(324097,'Nicholaus','Mayert',100018),(324098,'Rhett','Walker',100003),(324099,'Tabitha','Murazik',100015),(324100,'Daron','Nienow',100010);
/*!40000 ALTER TABLE `Doctor` ENABLE KEYS */;
UNLOCK TABLES;

--
-- Table structure for table `Doctor_Shift`
--

DROP TABLE IF EXISTS `Doctor_Shift`;
/*!40101 SET @saved_cs_client     = @@character_set_client */;
/*!40101 SET character_set_client = utf8 */;
CREATE TABLE `Doctor_Shift` (
  `doctor_id` bigint(20) NOT NULL,
  `shift_id` int(11) DEFAULT NULL,
  `work_date` date DEFAULT NULL,
  `d_id` bigint(20) DEFAULT NULL,
  PRIMARY KEY (`doctor_id`),
  KEY `shift_id` (`shift_id`),
  KEY `d_id` (`d_id`),
  CONSTRAINT `Doctor_Shift_ibfk_1` FOREIGN KEY (`doctor_id`) REFERENCES `Doctor` (`doctor_id`),
  CONSTRAINT `Doctor_Shift_ibfk_2` FOREIGN KEY (`shift_id`) REFERENCES `Shift` (`shift_id`),
  CONSTRAINT `Doctor_Shift_ibfk_3` FOREIGN KEY (`d_id`) REFERENCES `Department` (`d_id`)
) ENGINE=InnoDB DEFAULT CHARSET=utf8mb4 COLLATE=utf8mb4_unicode_ci;
/*!40101 SET character_set_client = @saved_cs_client */;

--
-- Dumping data for table `Doctor_Shift`
--

LOCK TABLES `Doctor_Shift` WRITE;
/*!40000 ALTER TABLE `Doctor_Shift` DISABLE KEYS */;
INSERT INTO `Doctor_Shift` VALUES (324000,435111,'2011-07-22',100000),(324001,435123,'1999-02-13',100001),(324002,435131,'2009-04-18',100002),(324003,435132,'1986-03-21',100003),(324004,435137,'2021-05-31',100004),(324005,435139,'1999-10-28',100005),(324006,435158,'1996-09-19',100006),(324007,435174,'1998-12-02',100007),(324008,435186,'2008-12-21',100009),(324009,435188,'1975-02-19',100010),(324010,435111,'2015-12-11',100011),(324011,435123,'1970-10-20',100012),(324012,435131,'1976-06-16',100013),(324013,435132,'2016-09-05',100014),(324014,435137,'2013-03-17',100015),(324015,435139,'1990-09-23',100016),(324016,435158,'2014-01-11',100017),(324017,435174,'2018-04-27',100018),(324018,435186,'1989-09-11',100019),(324019,435188,'2002-04-05',100020),(324020,435111,'2018-11-14',100000),(324021,435123,'1990-12-26',100001),(324022,435131,'1982-07-01',100002),(324023,435132,'2001-12-10',100003),(324024,435137,'1993-05-18',100004),(324025,435139,'2014-02-12',100005),(324026,435158,'2015-10-01',100006),(324028,435174,'2002-01-24',100007),(324029,435186,'1991-08-23',100009),(324030,435188,'1985-12-06',100010),(324031,435111,'2019-10-17',100011),(324032,435123,'2012-11-14',100012),(324033,435131,'1994-05-13',100013),(324034,435132,'1977-08-27',100014),(324035,435137,'1973-06-30',100015),(324036,435139,'1980-08-05',100016),(324037,435158,'2000-12-29',100017),(324038,435174,'1994-01-29',100018),(324039,435186,'2003-06-26',100019),(324040,435188,'1983-01-19',100020),(324041,435111,'1984-11-17',100000),(324042,435123,'1990-03-27',100001),(324043,435131,'2001-02-28',100002),(324044,435132,'1982-08-08',100003),(324045,435137,'2006-09-18',100004),(324046,435139,'1988-01-21',100005),(324047,435158,'2002-01-08',100006),(324048,435174,'2013-11-07',100007),(324049,435186,'2018-09-19',100009),(324050,435188,'1988-07-28',100010),(324051,435111,'2010-10-16',100011),(324052,435123,'1996-09-22',100012),(324053,435131,'2014-08-27',100013),(324054,435132,'1999-09-12',100014),(324055,435137,'2007-10-19',100015),(324056,435139,'2005-09-23',100016),(324057,435158,'1980-06-13',100017),(324058,435174,'2007-05-21',100018),(324059,435186,'2013-11-18',100019),(324060,435188,'1992-07-15',100020),(324061,435111,'1987-02-12',100000),(324062,435123,'1998-07-10',100001),(324063,435131,'1991-11-08',100002),(324064,435132,'2020-09-17',100003),(324065,435137,'1980-03-19',100004),(324066,435139,'1982-08-31',100005),(324067,435158,'1970-02-22',100006),(324068,435174,'2015-06-21',100007),(324069,435186,'2011-02-24',100009),(324070,435188,'1985-04-27',100010),(324071,435111,'1992-08-13',100011),(324072,435123,'2005-01-10',100012),(324073,435131,'1997-10-13',100013),(324074,435132,'1971-10-07',100014),(324075,435137,'1991-01-17',100015),(324076,435139,'2001-11-07',100016),(324077,435158,'1990-08-17',100017),(324078,435174,'1975-02-28',100018),(324079,435186,'2000-01-25',100019),(324080,435188,'1982-12-14',100020),(324081,435111,'2019-05-25',100000),(324082,435123,'1990-05-26',100001),(324083,435131,'1986-06-28',100002),(324084,435132,'1984-02-23',100003),(324085,435137,'1984-04-07',100004),(324086,435139,'2015-09-23',100005),(324087,435158,'1991-03-13',100006),(324088,435174,'1992-11-23',100007),(324089,435186,'1998-03-19',100009),(324090,435188,'1994-08-26',100010),(324091,435111,'1980-06-13',100011),(324092,435123,'2014-10-15',100012),(324093,435131,'1990-02-10',100013),(324094,435132,'1973-07-14',100014),(324095,435137,'1979-09-23',100015),(324096,435139,'1986-06-25',100016),(324097,435158,'1996-02-02',100017),(324098,435174,'1976-11-28',100018),(324099,435186,'2002-10-20',100019),(324100,435188,'2014-11-30',100020);
UPDATE `hospital_system`.`Doctor_Shift` SET `work_date` = '2021-05-31' WHERE (`doctor_id` = '324064');
UPDATE `hospital_system`.`Doctor_Shift` SET `work_date` = '2021-05-31' WHERE (`doctor_id` = '324031');
UPDATE `hospital_system`.`Doctor_Shift` SET `work_date` = '2021-05-31' WHERE (`doctor_id` = '324081');
UPDATE `hospital_system`.`Doctor_Shift` SET `work_date` = '2021-05-31' WHERE (`doctor_id` = '324020');
UPDATE `hospital_system`.`Doctor_Shift` SET `work_date` = '2021-05-31' WHERE (`doctor_id` = '324049');
UPDATE `hospital_system`.`Doctor_Shift` SET `work_date` = '2021-05-31' WHERE (`doctor_id` = '324017');
UPDATE `hospital_system`.`Doctor_Shift` SET `work_date` = '2021-05-31' WHERE (`doctor_id` = '324013');
UPDATE `hospital_system`.`Doctor_Shift` SET `work_date` = '2021-05-31' WHERE (`doctor_id` = '324010');
UPDATE `hospital_system`.`Doctor_Shift` SET `work_date` = '2021-05-31' WHERE (`doctor_id` = '324026');
UPDATE `hospital_system`.`Doctor_Shift` SET `work_date` = '2021-05-31' WHERE (`doctor_id` = '324086');
UPDATE `hospital_system`.`Doctor_Shift` SET `work_date` = '2021-05-31' WHERE (`doctor_id` = '324068');
UPDATE `hospital_system`.`Doctor_Shift` SET `work_date` = '2021-05-31' WHERE (`doctor_id` = '324100');
UPDATE `hospital_system`.`Doctor_Shift` SET `work_date` = '2021-05-31' WHERE (`doctor_id` = '324092');
UPDATE `hospital_system`.`Doctor_Shift` SET `work_date` = '2021-05-31' WHERE (`doctor_id` = '324053');
UPDATE `hospital_system`.`Doctor_Shift` SET `work_date` = '2021-05-31' WHERE (`doctor_id` = '324025');
UPDATE `hospital_system`.`Doctor_Shift` SET `work_date` = '2021-05-31' WHERE (`doctor_id` = '324016');
UPDATE `hospital_system`.`Doctor_Shift` SET `work_date` = '2021-05-31' WHERE (`doctor_id` = '324059');
UPDATE `hospital_system`.`Doctor_Shift` SET `work_date` = '2021-05-31' WHERE (`doctor_id` = '324048');
UPDATE `hospital_system`.`Doctor_Shift` SET `work_date` = '2021-05-31' WHERE (`doctor_id` = '324014');
UPDATE `hospital_system`.`Doctor_Shift` SET `work_date` = '2021-05-31' WHERE (`doctor_id` = '324032');
UPDATE `hospital_system`.`Doctor_Shift` SET `work_date` = '2021-05-31' WHERE (`doctor_id` = '324000');
UPDATE `hospital_system`.`Doctor_Shift` SET `work_date` = '2021-05-31' WHERE (`doctor_id` = '324069');
UPDATE `hospital_system`.`Doctor_Shift` SET `work_date` = '2021-05-31' WHERE (`doctor_id` = '324051');
UPDATE `hospital_system`.`Doctor_Shift` SET `work_date` = '2021-05-31' WHERE (`doctor_id` = '324002');
UPDATE `hospital_system`.`Doctor_Shift` SET `work_date` = '2021-05-31' WHERE (`doctor_id` = '324008');
UPDATE `hospital_system`.`Doctor_Shift` SET `work_date` = '2021-05-23' WHERE (`doctor_id` = '324055');
UPDATE `hospital_system`.`Doctor_Shift` SET `work_date` = '2021-05-23' WHERE (`doctor_id` = '324058');
UPDATE `hospital_system`.`Doctor_Shift` SET `work_date` = '2021-05-23' WHERE (`doctor_id` = '324045');
UPDATE `hospital_system`.`Doctor_Shift` SET `work_date` = '2021-05-23' WHERE (`doctor_id` = '324056');
UPDATE `hospital_system`.`Doctor_Shift` SET `work_date` = '2021-05-23' WHERE (`doctor_id` = '324072');
UPDATE `hospital_system`.`Doctor_Shift` SET `work_date` = '2021-05-23' WHERE (`doctor_id` = '324039');
UPDATE `hospital_system`.`Doctor_Shift` SET `work_date` = '2021-05-23' WHERE (`doctor_id` = '324099');
UPDATE `hospital_system`.`Doctor_Shift` SET `work_date` = '2021-05-23' WHERE (`doctor_id` = '324019');
UPDATE `hospital_system`.`Doctor_Shift` SET `work_date` = '2021-05-23' WHERE (`doctor_id` = '324028');
/*!40000 ALTER TABLE `Doctor_Shift` ENABLE KEYS */;
UNLOCK TABLES;

--
-- Table structure for table `Inpatient_Case`
--

DROP TABLE IF EXISTS `Inpatient_Case`;
/*!40101 SET @saved_cs_client     = @@character_set_client */;
/*!40101 SET character_set_client = utf8 */;
CREATE TABLE `Inpatient_Case` (
  `case_id` bigint(20) NOT NULL,
  `next_reexam_time` date DEFAULT NULL,
  `medical_record_id` bigint(20) DEFAULT NULL,
  PRIMARY KEY (`case_id`),
  KEY `medical_record_id` (`medical_record_id`),
  CONSTRAINT `Inpatient_Case_ibfk_1` FOREIGN KEY (`case_id`) REFERENCES `Patient_Case` (`case_id`),
  CONSTRAINT `Inpatient_Case_ibfk_2` FOREIGN KEY (`medical_record_id`) REFERENCES `Medical_Record` (`medical_record_id`)
) ENGINE=InnoDB DEFAULT CHARSET=utf8mb4 COLLATE=utf8mb4_unicode_ci;
/*!40101 SET character_set_client = @saved_cs_client */;

--
-- Dumping data for table `Inpatient_Case`
--

LOCK TABLES `Inpatient_Case` WRITE;
/*!40000 ALTER TABLE `Inpatient_Case` DISABLE KEYS */;
INSERT INTO `Inpatient_Case` VALUES (413134,'2021-10-18',5435),(413181,'2021-11-11',5471),(413644,'2021-10-24',5518),(414233,'2021-11-13',5567),(414594,'2021-10-25',5574),(414743,'2021-10-31',5579),(415263,'2021-11-03',5595),(417290,'2021-11-01',5599),(417394,'2021-11-01',5615),(418702,'2021-11-15',5620),(419515,'2021-11-10',5633),(419904,'2021-10-22',5641),(420109,'2021-10-28',5651),(422268,'2021-10-23',5673),(422636,'2021-10-25',5674),(426909,'2021-10-27',5685),(428819,'2021-10-30',5687),(430015,'2021-11-04',5694),(431675,'2021-10-25',5725),(434709,'2021-11-16',5782),(434791,'2021-10-25',5785),(435642,'2021-11-04',5798),(436068,'2021-10-29',5804),(436273,'2021-10-21',5809),(437870,'2021-11-07',5813),(439795,'2021-11-17',5853),(440050,'2021-11-18',5859),(440331,'2021-10-31',5932),(440571,'2021-11-10',5946),(440858,'2021-10-28',5982),(441062,'2021-10-19',6002),(444566,'2021-10-24',6050),(445858,'2021-11-04',6059),(449025,'2021-11-12',6087),(450728,'2021-10-24',6109),(453583,'2021-11-17',6156),(453788,'2021-11-15',6166),(453925,'2021-11-07',6172),(454410,'2021-10-21',6177),(454748,'2021-11-10',6193),(455465,'2021-10-26',6197),(458234,'2021-11-15',6202),(458962,'2021-11-08',6247),(459151,'2021-11-11',6254),(460342,'2021-11-15',6255),(462601,'2021-11-13',6256),(467563,'2021-11-18',6272),(468950,'2021-10-26',6275),(472424,'2021-10-23',6295),(473091,'2021-11-10',6298),(473421,'2021-11-12',6303),(474067,'2021-11-13',6330),(475311,'2021-10-27',6344),(476579,'2021-10-27',6350),(477357,'2021-11-18',6360),(477616,'2021-10-27',6370),(477995,'2021-11-09',6372),(478836,'2021-10-30',6382),(479264,'2021-10-26',6399),(479592,'2021-11-06',6407),(480002,'2021-10-20',6415),(480601,'2021-11-09',6416),(480986,'2021-10-20',6432),(482508,'2021-11-02',6453),(482541,'2021-11-13',6460),(490749,'2021-11-04',6463),(490989,'2021-11-13',6473),(491125,'2021-11-13',6478),(491633,'2021-11-09',6488),(491695,'2021-10-21',6492),(493016,'2021-11-10',6499),(493128,'2021-10-22',6520),(494256,'2021-10-30',6534),(494735,'2021-11-06',6554),(494945,'2021-10-25',6607),(495797,'2021-10-18',6619),(496726,'2021-11-09',6628),(498278,'2021-11-01',6630),(499477,'2021-10-28',6651),(502672,'2021-10-26',6666),(502756,'2021-10-24',6668),(502877,'2021-10-29',6677),(503149,'2021-11-15',6689),(503377,'2021-11-10',6708),(504147,'2021-10-21',6759),(504349,'2021-10-30',6760),(504764,'2021-11-12',6764),(505451,'2021-11-11',6770),(506765,'2021-11-08',6802),(508077,'2021-11-01',6829),(508214,'2021-11-08',6851),(508878,'2021-10-27',6866),(509965,'2021-10-23',6869),(511733,'2021-11-02',6878),(513092,'2021-11-08',6896),(515529,'2021-11-13',6917),(516967,'2021-10-26',6926),(517420,'2021-11-07',6933),(518992,'2021-11-01',7035),(520669,'2021-11-10',7038),(521618,'2021-11-07',7070),(525137,'2021-10-23',7084),(525409,'2021-11-09',7105),(527061,'2021-10-30',7112),(528530,'2021-11-14',7120),(531188,'2021-11-05',7126),(532072,'2021-11-10',7135),(535142,'2021-11-01',7139),(535168,'2021-11-02',7144),(539098,'2021-10-25',7145),(539597,'2021-11-04',7147),(539620,'2021-10-19',7150),(540720,'2021-11-02',7164),(541235,'2021-10-23',7216),(541520,'2021-10-18',7240),(542374,'2021-11-06',7246),(543018,'2021-11-16',7249),(545823,'2021-10-23',7254),(546552,'2021-11-12',7275),(548379,'2021-10-19',7292),(548530,'2021-11-15',7294),(549033,'2021-10-31',7307),(549202,'2021-11-08',7315),(552911,'2021-11-18',7319),(554902,'2021-11-03',7326),(555449,'2021-11-07',7334),(556415,'2021-11-02',7353),(557814,'2021-11-15',7378),(557863,'2021-11-18',7399),(557872,'2021-11-02',7439),(558185,'2021-11-13',7468),(558248,'2021-10-30',7475),(558504,'2021-11-06',7476),(561150,'2021-11-14',7483),(561375,'2021-11-02',7492),(562349,'2021-11-16',7496),(563486,'2021-10-18',7550),(564110,'2021-10-29',7565),(564592,'2021-11-07',7608),(566032,'2021-11-10',7609),(566765,'2021-11-10',7631),(567231,'2021-11-12',7699),(567402,'2021-11-15',7703),(568896,'2021-11-10',7704),(569061,'2021-11-12',7716),(570445,'2021-11-06',7743),(571923,'2021-10-20',7792),(572252,'2021-10-29',7795),(572626,'2021-10-29',7797),(573211,'2021-10-28',7806),(574667,'2021-11-03',7812),(576421,'2021-11-04',7815),(577541,'2021-10-23',7843),(578931,'2021-10-18',7859),(579781,'2021-10-18',7860),(580140,'2021-10-27',7881),(580261,'2021-10-27',7885),(580402,'2021-11-09',7890),(580983,'2021-10-28',7898),(581302,'2021-10-25',7926),(581893,'2021-11-14',7942),(582837,'2021-11-12',7948),(583566,'2021-11-10',7959),(584531,'2021-11-02',7970),(587450,'2021-10-28',7986),(589939,'2021-11-10',7998),(592289,'2021-10-29',8021),(593457,'2021-10-30',8057),(593902,'2021-11-05',8066),(594463,'2021-11-01',8101),(597898,'2021-11-18',8126),(598070,'2021-11-09',8142),(598238,'2021-11-02',8146),(598949,'2021-10-27',8154),(599932,'2021-10-20',8164),(600232,'2021-10-31',8180),(601392,'2021-11-07',8230),(601401,'2021-10-19',8257),(601419,'2021-10-26',8258),(604525,'2021-11-14',8285),(604600,'2021-10-31',8300),(605353,'2021-11-09',8301),(605662,'2021-11-17',8351),(605877,'2021-11-16',8376),(605933,'2021-10-26',8402),(607942,'2021-10-23',8432),(609412,'2021-11-11',8435),(610092,'2021-11-04',8451),(611186,'2021-11-11',8458),(613045,'2021-11-16',8466),(615947,'2021-11-09',8471),(617651,'2021-10-26',8472),(618152,'2021-10-24',8510),(618612,'2021-10-26',8529),(619455,'2021-11-07',8558),(621580,'2021-10-29',8593),(623139,'2021-10-22',8608),(624079,'2021-10-19',8620),(624559,'2021-11-01',8623),(625868,'2021-10-22',8626),(629387,'2021-10-26',8634),(629604,'2021-11-16',8657),(629824,'2021-10-23',8672),(631486,'2021-11-06',8674),(634004,'2021-10-19',8694),(634532,'2021-11-05',8697),(636288,'2021-11-03',8700),(637889,'2021-11-02',8737),(638528,'2021-11-11',8744),(638614,'2021-10-31',8753),(640649,'2021-10-31',8785),(640694,'2021-11-11',8789),(642603,'2021-11-04',8791),(642796,'2021-11-05',8826),(647968,'2021-10-19',8834),(651180,'2021-10-30',8844),(651299,'2021-11-18',8857),(653556,'2021-10-23',8863),(653716,'2021-10-18',8878),(653855,'2021-11-06',8890),(654249,'2021-10-29',8919),(654304,'2021-11-10',8949),(655074,'2021-11-05',8961),(656037,'2021-11-17',8962),(657113,'2021-11-02',8974),(657115,'2021-11-15',8975),(657747,'2021-11-14',8987),(661220,'2021-10-22',9008),(663544,'2021-11-01',9036),(663751,'2021-11-10',9065),(664733,'2021-11-03',9070),(664852,'2021-10-22',9085),(665397,'2021-10-27',9096),(665699,'2021-10-20',9107),(665933,'2021-10-21',9109),(666526,'2021-11-14',9124),(666996,'2021-11-07',9129),(667702,'2021-10-27',9143),(671872,'2021-11-02',9204),(672628,'2021-11-04',9214),(674071,'2021-11-07',9220),(678194,'2021-11-14',9222),(678541,'2021-10-31',9228),(678790,'2021-10-26',9246),(680466,'2021-10-29',9250),(682247,'2021-11-07',9262),(683324,'2021-10-25',9263),(683749,'2021-11-08',9265),(684319,'2021-11-01',9269),(685129,'2021-10-29',9276),(685703,'2021-10-27',9279),(686271,'2021-10-18',9280),(686520,'2021-11-08',9281),(686668,'2021-11-17',9282),(687175,'2021-10-22',9289),(688009,'2021-11-13',9291),(688052,'2021-11-07',9297),(690862,'2021-10-29',9302),(692237,'2021-10-18',9318),(692431,'2021-11-04',9344),(693640,'2021-10-28',9350),(694542,'2021-11-02',9351),(695305,'2021-11-01',9394),(696274,'2021-11-17',9400),(697534,'2021-10-21',9438),(697730,'2021-11-04',9467),(702632,'2021-10-19',9501),(704645,'2021-10-31',9534),(707138,'2021-11-03',9539),(707289,'2021-11-16',9540),(707636,'2021-10-26',9544),(709120,'2021-10-27',9546),(709512,'2021-11-02',9552),(709988,'2021-10-28',9581),(710853,'2021-11-12',9587),(712235,'2021-10-22',9607),(712927,'2021-10-21',9612),(713137,'2021-11-10',9636),(713662,'2021-10-31',9641),(714331,'2021-11-11',9649),(716127,'2021-10-30',9691),(716823,'2021-11-17',9706),(718449,'2021-11-15',9722),(721979,'2021-10-31',9724),(722104,'2021-11-01',9738),(723494,'2021-11-18',9740),(724108,'2021-11-07',9746),(725957,'2021-11-05',9756),(726450,'2021-11-02',9768),(728901,'2021-10-29',9769),(729632,'2021-11-11',9803),(729837,'2021-11-15',9812),(731891,'2021-11-11',9826),(732691,'2021-10-20',9921),(733549,'2021-11-07',9949),(733659,'2021-11-14',9951),(734015,'2021-11-12',9965),(734597,'2021-11-08',9967),(737638,'2021-11-02',9970),(740621,'2021-10-18',9979);
/*!40000 ALTER TABLE `Inpatient_Case` ENABLE KEYS */;
UNLOCK TABLES;

--
-- Table structure for table `Medical_Instruction`
--

DROP TABLE IF EXISTS `Medical_Instruction`;
/*!40101 SET @saved_cs_client     = @@character_set_client */;
/*!40101 SET character_set_client = utf8 */;
CREATE TABLE `Medical_Instruction` (
  `medical_instruction_id` bigint(20) NOT NULL,
  `case_id` bigint(20) DEFAULT NULL,
  `release_date` datetime DEFAULT NULL,
  PRIMARY KEY (`medical_instruction_id`),
  KEY `case_id` (`case_id`),
  CONSTRAINT `Medical_Instruction_ibfk_1` FOREIGN KEY (`case_id`) REFERENCES `Patient_Case` (`case_id`)
) ENGINE=InnoDB DEFAULT CHARSET=utf8mb4 COLLATE=utf8mb4_unicode_ci;
/*!40101 SET character_set_client = @saved_cs_client */;

--
-- Dumping data for table `Medical_Instruction`
--

LOCK TABLES `Medical_Instruction` WRITE;
/*!40000 ALTER TABLE `Medical_Instruction` DISABLE KEYS */;
INSERT INTO `Medical_Instruction` VALUES (8242525,754558,'2021-09-02 16:45:35'),(8242957,653556,'2021-02-05 04:51:45'),(8250785,683324,'2021-02-03 07:23:40'),(8251321,570445,'2020-12-27 17:01:33'),(8251617,724108,'2021-10-17 16:35:21'),(8252008,567402,'2020-12-15 09:06:59'),(8258417,604600,'2021-09-27 11:43:56'),(8266091,459151,'2020-12-20 07:53:59'),(8266940,767068,'2021-05-31 23:37:13'),(8267386,422268,'2021-10-25 22:36:56'),(8269837,494945,'2021-08-09 10:33:31'),(8271192,611186,'2021-05-13 18:44:15'),(8276171,496726,'2020-11-30 14:30:28'),(8278832,573211,'2021-06-30 19:30:08'),(8280335,833402,'2021-06-14 01:52:17'),(8281258,740621,'2021-03-18 10:01:48'),(8283434,637889,'2021-06-17 07:41:47'),(8284484,789775,'2021-08-01 19:15:36'),(8285309,988819,'2021-06-04 11:00:47'),(8285624,816398,'2021-02-13 14:55:59'),(8286542,580402,'2021-01-11 15:53:04'),(8295399,576421,'2021-09-13 03:10:19'),(8302824,577541,'2021-10-01 08:58:31'),(8307998,618612,'2021-02-02 13:13:11'),(8309526,894634,'2021-03-14 23:33:36'),(8310151,545823,'2021-03-06 05:21:04'),(8313216,499477,'2020-12-17 08:46:00'),(8321255,417394,'2021-03-28 17:23:25'),(8322148,821837,'2021-05-08 17:03:17'),(8323727,783709,'2021-05-24 20:25:46'),(8328290,794531,'2021-10-21 17:33:23'),(8328334,665933,'2021-07-29 00:22:12'),(8329999,734015,'2021-03-19 09:50:46'),(8338499,562349,'2021-05-15 17:52:59'),(8341543,450728,'2021-04-12 18:22:22'),(8342142,924833,'2021-10-14 10:11:55'),(8342947,707138,'2021-03-24 21:04:27'),(8344714,554902,'2021-10-28 14:35:34'),(8346879,971425,'2021-07-06 14:25:52'),(8351414,638614,'2021-11-10 14:54:44'),(8351952,482508,'2021-09-12 19:52:17'),(8356635,420109,'2021-08-02 23:43:37'),(8357429,683749,'2021-10-31 10:53:09'),(8358892,502672,'2021-02-19 05:35:02'),(8359699,973230,'2021-05-01 14:06:22'),(8361811,931391,'2021-02-13 11:17:00'),(8363077,419515,'2021-10-31 20:24:50'),(8366073,601419,'2021-11-03 12:51:05'),(8367134,872992,'2021-04-01 16:13:46'),(8375627,798112,'2021-05-13 10:40:04'),(8378536,480986,'2021-08-30 00:20:32'),(8384828,893334,'2021-07-08 13:16:49'),(8385994,506765,'2021-01-17 12:16:12'),(8386234,554902,'2021-10-11 01:48:22'),(8386273,690862,'2021-07-20 18:10:45'),(8387676,822975,'2021-07-26 21:17:51'),(8389675,756270,'2021-09-04 23:57:57'),(8390021,531188,'2021-05-13 17:57:57'),(8391010,542374,'2021-01-14 07:12:23'),(8392907,974084,'2021-09-10 18:04:42'),(8393236,629604,'2021-05-09 16:17:44'),(8397725,763391,'2021-07-04 00:11:17'),(8397900,600232,'2020-12-22 13:26:54'),(8402074,605662,'2021-04-19 07:51:18'),(8403058,837692,'2021-08-13 14:13:51'),(8410043,611186,'2021-10-18 16:12:50'),(8412405,415263,'2021-01-04 22:30:03'),(8415982,506765,'2021-11-11 19:47:20'),(8416424,535168,'2020-12-10 08:02:47'),(8417502,775415,'2020-12-13 18:22:23'),(8418988,479592,'2021-02-25 18:41:24'),(8420808,932410,'2021-03-03 05:55:56'),(8434631,482541,'2020-12-11 08:45:18'),(8440128,597898,'2021-02-08 15:45:20'),(8440785,962987,'2021-10-05 03:13:47'),(8445172,579781,'2020-12-02 10:42:13'),(8445285,545823,'2021-04-06 09:31:19'),(8446331,426909,'2020-12-23 20:18:24'),(8448139,767842,'2021-10-13 11:17:30'),(8454021,582837,'2021-03-01 21:47:42'),(8454434,454748,'2021-02-11 15:52:28'),(8458979,609412,'2021-01-01 21:58:17'),(8462449,541235,'2021-08-30 04:00:37'),(8470007,517420,'2021-05-14 12:12:24'),(8470297,634532,'2021-07-25 10:47:17'),(8476665,723494,'2021-02-04 13:28:10'),(8478241,453788,'2021-05-20 11:36:05'),(8478483,502877,'2021-05-04 18:09:47'),(8480483,473091,'2021-07-23 04:05:58'),(8481759,525409,'2021-06-24 13:41:32'),(8486086,812012,'2021-11-14 02:10:17'),(8487578,754559,'2021-01-04 03:50:30'),(8490457,414233,'2021-10-16 14:48:39'),(8492609,718449,'2021-03-23 20:51:50'),(8499302,561150,'2021-07-30 05:55:17'),(8499429,517420,'2021-11-02 20:30:23'),(8501331,685703,'2021-10-19 08:08:28'),(8502706,832782,'2021-04-01 00:47:48'),(8502898,959615,'2020-11-18 19:27:04'),(8504168,830684,'2021-05-31 09:39:56'),(8506202,422636,'2021-07-06 03:16:10'),(8509707,619455,'2021-09-13 17:21:05'),(8510087,475311,'2021-04-27 15:54:26'),(8510950,413134,'2020-12-28 22:23:18'),(8513944,726450,'2021-10-12 00:01:23'),(8514494,440571,'2021-07-22 14:11:38'),(8516979,731891,'2021-10-24 02:38:04'),(8523271,764761,'2021-04-06 18:49:22'),(8524960,857758,'2021-07-25 16:50:07'),(8525142,759131,'2021-01-16 15:08:24'),(8531281,598070,'2021-07-21 18:02:12'),(8531418,436273,'2021-04-23 14:02:34'),(8531787,414743,'2021-03-10 18:01:24'),(8533679,988193,'2021-10-31 01:59:07'),(8534275,566032,'2021-06-05 11:58:37'),(8534571,587450,'2021-06-03 16:53:39'),(8537148,539597,'2021-04-21 04:08:34'),(8539322,479592,'2021-09-24 12:04:41'),(8542195,508077,'2021-03-28 22:51:45'),(8542789,904409,'2021-09-18 20:38:39'),(8544091,790817,'2021-05-21 12:53:15'),(8544483,741126,'2021-07-02 20:51:44'),(8551206,566032,'2021-06-13 16:18:38'),(8552801,508214,'2021-08-12 16:02:56'),(8553882,713662,'2021-01-30 03:07:43'),(8554800,624079,'2021-09-23 01:55:54'),(8559860,959197,'2021-01-31 09:34:25'),(8560044,504349,'2021-09-09 09:14:10'),(8563039,899733,'2021-07-21 08:43:14'),(8564369,605933,'2021-08-29 12:44:01'),(8566854,567402,'2021-10-10 12:40:57'),(8566884,910619,'2021-07-15 04:40:14'),(8568529,985466,'2021-03-01 21:23:09'),(8571926,613045,'2021-04-18 01:38:38'),(8572504,707636,'2021-11-15 08:49:12'),(8574866,846416,'2021-01-26 06:19:16'),(8577828,621580,'2021-02-11 15:35:38'),(8578485,580261,'2021-03-12 21:18:25'),(8579705,558248,'2021-09-14 13:06:23'),(8580604,539098,'2021-08-24 20:38:34'),(8590333,440858,'2021-07-01 03:03:08'),(8592132,491633,'2021-01-16 00:38:26'),(8597678,436273,'2021-11-12 09:28:31'),(8598925,493016,'2021-01-13 06:34:16'),(8601134,498278,'2021-08-08 06:09:23'),(8613284,772537,'2021-04-08 09:17:52'),(8614090,796895,'2021-03-04 21:55:39'),(8616220,525137,'2021-03-01 05:52:03'),(8621443,984873,'2021-08-13 03:15:30'),(8623428,435642,'2021-09-17 01:10:12'),(8623700,414594,'2021-08-26 12:58:26'),(8625508,853915,'2021-03-07 15:04:43'),(8627290,482541,'2021-10-09 23:48:55'),(8630482,859183,'2021-07-14 06:58:37'),(8634790,476579,'2021-01-30 09:22:56'),(8639124,918106,'2021-10-17 11:46:09'),(8641472,598949,'2021-03-10 04:07:36'),(8643190,598238,'2021-03-09 13:28:24'),(8643520,859220,'2021-01-23 18:32:36'),(8647977,520669,'2021-09-02 01:51:39'),(8648317,436068,'2021-06-21 02:13:09'),(8653794,934452,'2020-12-15 02:32:07'),(8655284,714331,'2021-11-05 20:49:29'),(8656366,712927,'2021-06-07 08:13:12'),(8661563,493128,'2021-03-25 11:03:35'),(8667105,494945,'2021-09-02 06:27:03'),(8667343,874228,'2021-01-26 15:24:45'),(8670301,482508,'2021-06-19 11:50:20'),(8671383,958021,'2021-07-18 11:28:37'),(8673572,728901,'2021-04-02 18:02:38'),(8674183,491125,'2021-05-05 12:25:55'),(8675115,863635,'2020-12-18 13:05:43'),(8683133,873896,'2021-01-19 09:26:35'),(8687256,508077,'2021-06-02 14:06:36'),(8690168,477995,'2021-01-07 03:26:06'),(8690729,592289,'2021-10-28 01:33:57'),(8695657,684319,'2021-03-01 02:05:22'),(8697548,583566,'2021-02-21 15:37:21'),(8700840,763451,'2021-05-24 20:59:22'),(8704851,764949,'2020-11-20 06:18:27'),(8708569,598070,'2021-03-19 08:19:20'),(8710670,453583,'2021-07-24 20:36:10'),(8712702,540720,'2021-01-22 15:00:38'),(8713172,823014,'2021-09-21 11:01:35'),(8719908,818616,'2021-04-23 14:11:26'),(8720648,413181,'2021-11-14 10:04:35'),(8720890,672628,'2021-11-12 23:39:40'),(8721611,436068,'2021-08-20 13:30:23'),(8724661,965376,'2021-09-26 22:46:30'),(8725229,664852,'2021-09-21 09:30:28'),(8727556,725957,'2021-01-26 10:41:31'),(8731426,601401,'2021-02-26 02:02:55'),(8731718,623139,'2021-06-21 18:45:27'),(8733623,948952,'2021-01-15 00:43:00'),(8733769,806247,'2021-10-24 12:47:45'),(8737023,686271,'2021-04-17 23:15:12'),(8742351,491695,'2020-12-08 10:19:59'),(8742483,729632,'2021-05-13 14:56:33'),(8743425,785519,'2021-08-04 01:25:14'),(8744897,615947,'2021-01-30 08:15:28'),(8763230,618152,'2021-05-17 13:05:29'),(8765799,962630,'2021-08-06 18:56:20'),(8771075,434791,'2021-06-21 09:56:00'),(8773320,974379,'2021-04-27 07:43:25'),(8774113,933992,'2021-02-23 10:09:53'),(8777409,807918,'2021-09-08 07:45:38'),(8779192,454410,'2021-09-25 16:04:43'),(8781849,434709,'2021-10-13 19:52:28'),(8786488,566765,'2021-10-21 12:24:38'),(8786982,440050,'2021-06-18 09:21:29'),(8790347,434791,'2021-02-11 07:15:21'),(8794688,958734,'2021-01-29 00:34:19'),(8798322,640694,'2021-08-24 00:28:13'),(8799093,525409,'2021-11-08 06:47:57'),(8803787,796154,'2021-03-15 15:34:25'),(8808696,511733,'2021-01-30 22:00:05'),(8808729,861471,'2021-01-04 20:11:59'),(8809507,855101,'2021-05-15 18:13:18'),(8809686,515529,'2020-12-09 20:05:12'),(8813930,816581,'2021-01-26 01:21:46'),(8819437,868933,'2021-06-06 11:55:10'),(8821691,572626,'2021-09-29 00:18:02'),(8830557,821343,'2021-02-21 14:43:22'),(8831522,495797,'2020-12-05 12:11:38'),(8833873,634004,'2021-04-24 00:46:50'),(8833946,601392,'2021-05-26 15:53:26'),(8838977,430015,'2021-08-11 07:03:14'),(8839940,571923,'2021-03-29 23:12:48'),(8841100,651180,'2021-01-28 19:50:43'),(8841962,414594,'2020-11-24 08:14:54'),(8843095,716823,'2021-04-16 17:54:34'),(8845348,707289,'2021-03-27 14:28:04'),(8845376,694542,'2021-05-04 13:17:24'),(8851639,453925,'2021-05-30 18:28:43'),(8852128,593902,'2021-02-25 00:15:48'),(8853088,956461,'2021-06-01 07:30:49'),(8857291,532072,'2021-01-12 12:15:49'),(8861724,737638,'2021-06-29 22:39:45'),(8862780,580983,'2021-04-27 20:05:12'),(8865376,977223,'2021-05-28 12:41:54'),(8866587,903112,'2021-11-08 12:27:00'),(8872306,504147,'2021-10-07 01:51:04'),(8879114,430015,'2020-12-08 15:20:47'),(8881329,631486,'2021-06-14 23:07:24'),(8888029,589939,'2021-03-09 18:30:56'),(8894999,598238,'2021-01-01 18:16:04'),(8896026,647968,'2021-06-03 08:15:22'),(8898593,543018,'2021-06-22 11:09:29'),(8899419,972081,'2021-02-21 03:58:43'),(8900173,982188,'2021-02-22 17:39:23'),(8902955,440571,'2020-12-08 21:48:55'),(8908090,617651,'2021-07-24 03:46:08'),(8910468,819262,'2021-01-17 14:02:30'),(8910876,480002,'2021-08-04 12:08:47'),(8911114,618612,'2021-10-24 22:42:09'),(8911529,687175,'2021-02-13 13:29:54'),(8913469,601392,'2021-08-29 18:04:03'),(8913892,855934,'2021-08-22 16:49:22'),(8914524,552911,'2021-08-16 06:58:10'),(8921161,473421,'2021-02-24 02:56:28'),(8923313,922490,'2021-06-17 16:59:07'),(8924378,502672,'2021-07-28 16:15:12'),(8924670,712235,'2021-09-20 04:21:26'),(8926598,535168,'2021-10-30 06:42:29'),(8927129,642603,'2021-11-11 05:12:23'),(8928098,440050,'2021-02-18 06:10:30'),(8930413,458962,'2020-12-21 19:49:49'),(8942040,508214,'2021-08-20 16:21:11'),(8943840,459151,'2021-01-31 12:24:10'),(8947486,638528,'2021-02-28 06:58:42'),(8948854,618152,'2021-05-19 03:55:08'),(8950777,651299,'2021-08-16 13:13:47'),(8950786,605933,'2021-01-31 12:49:54'),(8951794,558248,'2021-01-24 03:07:49'),(8952242,600232,'2021-04-16 16:57:26'),(8953744,721979,'2020-11-22 19:25:30'),(8955281,917818,'2021-03-08 10:43:42'),(8966471,503149,'2021-10-27 17:04:38'),(8966700,567231,'2020-12-22 04:55:13'),(8967753,578931,'2021-10-13 02:56:42'),(8968245,598949,'2021-01-15 04:07:24'),(8968878,581302,'2021-05-27 12:46:24'),(8976825,886678,'2021-04-16 09:41:49'),(8983052,605662,'2021-08-23 10:54:56'),(8983245,477616,'2021-08-26 01:59:00'),(8985397,422636,'2021-03-03 23:44:55'),(8988257,767658,'2021-04-03 20:51:00'),(8990004,682247,'2021-09-09 16:13:51'),(8992148,441062,'2020-11-23 11:17:14'),(8996540,462601,'2021-08-04 11:59:28'),(9000566,515529,'2021-07-15 21:03:23'),(9000941,933497,'2020-12-22 17:31:50'),(9003136,473091,'2021-05-05 17:17:47'),(9003458,539098,'2021-03-17 14:42:14'),(9004004,789664,'2021-01-11 05:54:51'),(9005850,568896,'2021-06-06 05:42:14'),(9007814,578931,'2021-05-18 09:11:13'),(9009094,539620,'2021-10-11 07:18:46'),(9009901,525137,'2020-11-19 03:03:03'),(9009959,963558,'2021-06-17 04:55:55'),(9010183,557814,'2021-01-19 11:50:52'),(9010309,491695,'2021-03-18 23:25:36'),(9010990,496726,'2021-06-25 04:44:47'),(9011694,552911,'2021-02-02 17:07:20'),(9015166,733659,'2020-12-21 17:49:41'),(9017221,468950,'2020-12-09 14:05:42'),(9022133,521618,'2021-03-17 05:22:05'),(9033360,624079,'2021-09-05 14:56:37'),(9034281,493128,'2021-11-06 19:02:03'),(9036352,764594,'2021-04-21 23:13:30'),(9037906,548379,'2021-06-20 12:27:19'),(9038400,966313,'2020-11-28 01:48:44'),(9039521,474067,'2020-12-25 09:28:10'),(9041657,454748,'2020-12-01 00:41:13'),(9041748,605877,'2021-08-14 14:51:59'),(9042045,610092,'2021-06-24 06:47:17'),(9046037,417394,'2021-09-24 20:53:50'),(9047660,494735,'2021-01-22 11:28:20'),(9047665,473421,'2021-03-11 14:16:46'),(9049444,978569,'2021-07-21 08:04:09'),(9055728,791241,'2021-03-08 02:22:15'),(9056832,772463,'2020-12-18 16:36:57'),(9057044,900164,'2021-03-29 04:13:35'),(9058844,417290,'2021-03-28 06:41:02'),(9059422,562349,'2021-10-01 02:25:28'),(9067765,607942,'2021-01-30 03:37:33'),(9070452,732691,'2021-11-10 17:58:30'),(9071227,729837,'2021-09-13 19:58:44'),(9071365,678790,'2021-07-25 16:29:48'),(9071816,414233,'2020-12-08 20:03:07'),(9072262,480002,'2021-10-22 01:24:19'),(9072713,665699,'2021-01-08 19:15:16'),(9074098,577541,'2021-01-01 05:20:33'),(9077686,414743,'2021-08-05 15:22:22'),(9078499,758388,'2021-03-20 01:50:32'),(9083188,697730,'2021-07-12 10:21:51'),(9089254,528530,'2020-12-31 09:49:24'),(9091603,998474,'2021-06-20 08:28:59'),(9092060,876375,'2021-08-07 06:45:54'),(9092954,445858,'2021-10-27 18:08:44'),(9102364,777095,'2021-06-15 18:38:44'),(9107407,580402,'2021-08-27 15:07:57'),(9108756,543018,'2020-12-04 07:52:50'),(9109996,495797,'2021-09-24 15:23:11'),(9110564,912440,'2021-03-26 05:40:01'),(9115601,556415,'2020-12-02 10:22:51'),(9118600,664733,'2021-06-04 11:59:05'),(9121726,851551,'2021-08-20 20:39:27'),(9123730,704645,'2021-06-01 00:43:29'),(9125739,804953,'2021-10-17 11:27:20'),(9127530,498278,'2021-06-30 12:33:49'),(9130136,909982,'2021-10-22 16:20:08'),(9130420,995340,'2021-09-01 09:50:26'),(9131756,493016,'2021-06-18 15:04:10'),(9131816,490989,'2021-08-25 02:04:31'),(9131862,613045,'2021-03-31 06:35:13'),(9135932,918353,'2021-04-21 17:54:19'),(9136724,532072,'2021-07-30 01:26:07'),(9140563,991361,'2021-08-20 17:36:42'),(9142043,671872,'2021-10-31 20:02:00'),(9143960,573211,'2021-05-25 19:58:27'),(9145818,749004,'2021-07-09 14:21:36'),(9145834,417290,'2021-09-11 03:26:46'),(9146327,904936,'2021-01-30 04:06:53'),(9147584,674071,'2021-02-01 00:53:53'),(9151883,733549,'2021-02-07 04:51:08'),(9161343,900949,'2021-03-29 21:40:05'),(9161779,477357,'2021-04-09 22:44:23'),(9166023,527061,'2021-11-17 15:31:23'),(9167627,959003,'2021-09-19 02:57:56'),(9177011,801492,'2021-08-01 11:43:13'),(9186362,605353,'2021-06-17 18:08:25'),(9187538,557814,'2021-04-03 02:45:47'),(9190109,450728,'2021-02-14 02:34:04'),(9190142,513092,'2021-09-16 15:53:28'),(9190445,961948,'2021-01-17 22:08:06'),(9190972,943610,'2021-02-02 09:04:15'),(9191547,558185,'2021-07-26 12:33:28'),(9193519,604525,'2020-12-23 09:45:26'),(9198044,858253,'2021-07-23 22:27:18'),(9198164,503377,'2021-05-11 02:10:31'),(9208970,812557,'2021-08-13 12:13:02'),(9210374,992586,'2021-10-04 19:38:34'),(9212270,696274,'2021-01-07 03:39:39'),(9215013,786244,'2021-10-31 00:39:01'),(9216229,453925,'2020-12-02 19:32:16'),(9216255,571923,'2021-06-15 16:41:21'),(9217363,441062,'2021-06-29 05:47:00'),(9220123,494256,'2020-11-28 03:32:44'),(9222235,934495,'2020-12-14 09:33:57'),(9229082,867463,'2021-08-01 08:45:16'),(9229407,619455,'2021-03-14 16:36:52'),(9235521,794812,'2020-11-19 13:36:37'),(9237867,568896,'2021-08-14 16:42:46'),(9238553,490749,'2021-11-13 16:09:10'),(9239925,576421,'2020-11-30 03:10:50'),(9242008,597898,'2021-05-24 14:50:29'),(9242324,912047,'2021-06-17 13:04:56'),(9242610,455465,'2021-08-05 20:10:26'),(9243560,663544,'2021-06-01 11:40:16'),(9244379,642796,'2021-10-06 12:31:47'),(9245531,480986,'2021-04-07 12:24:50'),(9247212,880839,'2020-12-29 06:04:31'),(9252633,654249,'2021-11-14 05:25:44'),(9256187,943050,'2021-02-11 03:15:37'),(9258750,609412,'2021-07-31 09:33:44'),(9259659,449025,'2021-11-12 01:20:19'),(9260103,558504,'2020-11-30 00:49:06'),(9261219,491125,'2021-11-13 16:41:49'),(9261671,413134,'2021-04-29 15:06:38'),(9263378,617651,'2021-08-16 20:49:04'),(9263648,844126,'2021-04-19 03:19:10'),(9266467,439795,'2020-11-28 09:54:40'),(9267768,966871,'2021-08-16 01:51:37'),(9271951,955823,'2021-04-26 01:39:56'),(9273553,653855,'2021-04-12 00:15:25'),(9275989,697534,'2021-05-06 06:40:02'),(9276420,558504,'2021-01-12 02:41:30'),(9277949,883430,'2021-04-30 07:18:20'),(9279635,850074,'2020-12-21 22:24:55'),(9284094,440331,'2021-09-15 03:41:18'),(9286208,636288,'2021-09-21 11:45:27'),(9288294,640649,'2021-03-20 04:22:58'),(9299116,623139,'2021-11-17 09:51:19'),(9299921,428819,'2021-02-04 19:41:54'),(9303000,572252,'2021-06-28 05:02:48'),(9303633,909459,'2021-03-29 22:29:02'),(9305909,504764,'2021-03-18 15:24:34'),(9308070,572626,'2020-11-26 07:17:48'),(9308707,964505,'2021-09-02 05:48:51'),(9308820,509965,'2021-01-09 01:31:03'),(9314257,413181,'2021-06-01 11:07:03'),(9323181,435642,'2021-04-13 11:03:50'),(9323353,661220,'2021-05-13 12:31:28'),(9326550,413644,'2021-08-20 05:12:10'),(9327855,629824,'2021-05-29 06:12:24'),(9328535,686668,'2021-10-30 07:50:46'),(9328981,871460,'2021-08-18 13:37:55'),(9329220,685129,'2021-01-31 08:47:52'),(9330058,709512,'2021-01-17 18:22:48'),(9331546,419515,'2020-12-06 23:08:22'),(9331946,535142,'2021-08-28 05:43:28'),(9333504,748960,'2021-03-15 04:10:57'),(9335875,555449,'2021-08-26 07:47:34'),(9340280,889939,'2021-03-20 13:33:32'),(9341217,477616,'2021-02-17 13:04:04'),(9341505,564110,'2021-09-16 20:23:01'),(9343870,557872,'2020-12-02 23:59:43'),(9343968,666526,'2021-06-03 02:22:58'),(9347566,453788,'2020-12-28 20:51:40'),(9351133,825237,'2021-01-03 20:59:54'),(9351455,479264,'2021-02-10 07:43:19'),(9353024,734597,'2021-09-17 20:18:16'),(9358671,458962,'2021-08-27 19:14:45'),(9369464,467563,'2021-08-18 22:50:16'),(9374584,478836,'2021-10-02 13:52:38'),(9375206,583566,'2021-02-17 02:00:49'),(9376935,866181,'2021-01-26 12:11:27'),(9377207,625868,'2021-06-19 15:39:19'),(9380943,894503,'2021-02-24 00:04:37'),(9382860,876306,'2021-07-20 02:28:56'),(9385179,800938,'2021-09-23 18:38:49'),(9385637,785186,'2021-02-24 13:15:25'),(9389873,806282,'2021-09-21 17:08:06'),(9391802,527061,'2021-04-02 15:30:59'),(9403270,765184,'2021-10-19 14:52:31'),(9404122,539620,'2021-01-14 22:03:12'),(9408288,967890,'2021-09-28 13:40:25'),(9409825,480601,'2021-08-01 15:49:35'),(9410521,709988,'2021-01-12 21:18:10'),(9412906,509965,'2020-12-21 04:46:13'),(9415783,561375,'2021-02-26 08:03:05'),(9416557,444566,'2021-09-15 05:05:14'),(9419691,476579,'2020-12-21 02:41:55'),(9420403,584531,'2021-02-07 17:33:13'),(9424097,440331,'2021-01-17 12:52:19'),(9426757,624559,'2021-02-21 10:23:59'),(9429209,915795,'2021-01-20 07:32:27'),(9430154,902078,'2021-06-19 14:19:44'),(9430528,844079,'2021-08-29 13:21:38'),(9434667,511733,'2021-07-28 02:56:19'),(9434860,561375,'2021-07-19 23:27:24'),(9439697,503149,'2020-12-14 18:35:15'),(9444807,987424,'2020-11-28 03:29:02'),(9450750,771916,'2021-03-05 05:37:15'),(9451234,601401,'2021-02-24 23:40:14'),(9451979,657747,'2021-05-25 11:49:21'),(9453067,666996,'2021-01-11 00:25:48'),(9456603,722104,'2021-11-03 18:03:20'),(9457031,581893,'2021-03-07 12:01:46'),(9457250,713137,'2021-07-30 02:26:34'),(9460700,851744,'2021-08-12 07:02:55'),(9467230,564592,'2021-09-06 01:48:22'),(9467699,863046,'2021-05-29 00:40:42'),(9467851,902932,'2021-02-05 16:55:56'),(9468577,949482,'2021-09-08 06:01:06'),(9472520,990203,'2020-12-26 08:19:30'),(9474305,665397,'2021-03-12 21:27:14'),(9474421,875800,'2021-10-10 21:22:36'),(9475099,504147,'2021-07-18 08:47:04'),(9480489,594463,'2021-01-25 13:37:14'),(9482317,950570,'2021-03-13 13:19:47'),(9486607,625868,'2021-09-08 17:20:05'),(9487008,653716,'2021-11-10 02:10:02'),(9488117,610092,'2021-06-01 15:40:07'),(9488462,413644,'2021-01-17 00:16:24'),(9490612,825862,'2021-09-04 03:57:02'),(9491342,520669,'2021-07-31 10:51:49'),(9496214,549033,'2021-01-14 14:35:05'),(9497960,542374,'2021-01-31 05:16:39'),(9497967,467563,'2021-05-11 04:31:48'),(9503566,580261,'2021-10-17 14:27:22'),(9505154,439795,'2020-12-20 02:56:48'),(9512129,958312,'2021-05-24 10:52:28'),(9516395,914781,'2021-07-10 00:25:19'),(9519736,503377,'2020-12-07 11:08:02'),(9524603,594463,'2021-10-12 17:22:27'),(9524902,549202,'2021-10-28 11:29:17'),(9525074,985544,'2021-04-03 19:36:00'),(9531806,780078,'2021-01-29 22:26:56'),(9533839,877806,'2021-04-09 03:45:26'),(9533852,548530,'2021-10-14 13:25:27'),(9534939,431675,'2021-07-16 15:27:26'),(9535301,502756,'2021-11-03 02:47:18'),(9538526,702632,'2020-12-10 18:29:09'),(9539400,518992,'2021-08-28 01:59:46'),(9540674,582837,'2021-08-10 15:27:58'),(9540888,837345,'2021-10-13 13:57:03'),(9542563,505451,'2021-04-06 16:45:16'),(9542880,444566,'2021-05-24 13:06:26'),(9547090,458234,'2021-06-21 04:48:39'),(9552225,508878,'2021-11-04 06:57:29'),(9554454,593457,'2021-04-13 08:49:02'),(9557446,605353,'2021-02-15 07:56:07'),(9560221,581893,'2020-12-23 22:21:18'),(9560374,504349,'2021-03-13 02:57:34'),(9561182,418702,'2021-05-08 09:15:27'),(9562295,449025,'2021-08-25 05:32:55'),(9564643,959640,'2021-06-06 11:07:38'),(9564924,478836,'2021-02-10 14:14:54'),(9565226,593457,'2021-09-14 00:44:23'),(9565662,604600,'2021-10-23 06:57:05'),(9566250,490749,'2021-09-09 16:47:38'),(9567913,428819,'2021-09-19 14:00:55'),(9570538,657113,'2020-12-31 15:59:21'),(9571577,557863,'2020-12-23 23:18:55'),(9574423,460342,'2021-02-14 17:25:16'),(9576189,549202,'2021-01-24 23:24:57'),(9577048,528530,'2021-06-08 04:41:23'),(9578783,808570,'2021-10-05 22:11:54'),(9579713,778054,'2021-04-26 07:58:14'),(9580278,502877,'2020-12-29 11:38:35'),(9581503,709120,'2020-12-24 08:06:49'),(9582996,420109,'2021-05-31 08:43:26'),(9583272,936999,'2021-04-05 03:32:04'),(9584641,753437,'2020-12-31 03:46:58'),(9586661,415263,'2021-05-23 07:48:34'),(9590512,654304,'2021-02-16 23:28:13'),(9597257,422268,'2020-12-07 16:22:06'),(9598065,580140,'2021-10-19 16:50:45'),(9598859,462601,'2021-10-23 20:49:30'),(9599491,434709,'2021-01-25 14:00:27'),(9602535,458234,'2021-03-12 09:06:47'),(9603706,913026,'2021-05-08 16:54:36'),(9607695,716127,'2020-11-26 16:12:41'),(9608135,580140,'2021-06-28 20:52:42'),(9608621,593902,'2021-07-18 10:41:24'),(9613734,601419,'2020-12-20 21:21:29'),(9616320,453583,'2021-10-30 19:55:40'),(9622820,521618,'2021-03-19 22:30:23'),(9624874,570445,'2021-04-04 05:53:18'),(9638261,556415,'2021-10-05 19:03:06'),(9644226,587450,'2021-04-15 03:02:01'),(9645826,579781,'2021-02-08 03:29:22'),(9646978,793581,'2021-05-13 13:38:26'),(9650487,490989,'2020-12-01 16:35:39'),(9650577,710853,'2021-01-20 00:57:56'),(9657298,692237,'2021-09-28 14:44:53'),(9658540,440858,'2021-10-10 21:12:34'),(9662556,693640,'2020-11-18 13:17:58'),(9662869,499477,'2020-12-06 07:45:44'),(9662985,868962,'2021-04-15 02:16:48'),(9665758,455465,'2021-03-22 22:00:49'),(9666436,564592,'2020-12-17 12:51:25'),(9685231,667702,'2021-08-11 03:17:38'),(9685696,516967,'2021-11-03 03:09:38'),(9687874,516967,'2021-07-03 10:16:11'),(9688441,896585,'2021-03-29 07:02:33'),(9689801,599932,'2021-02-06 19:34:06'),(9691829,882130,'2021-01-18 08:04:02'),(9699430,838687,'2021-01-24 03:56:55'),(9707221,548530,'2021-08-31 23:07:28'),(9707945,418702,'2021-04-07 01:10:04'),(9710271,779487,'2021-03-08 06:26:54'),(9715681,505451,'2020-12-08 16:51:36'),(9715730,655074,'2021-09-09 06:17:25'),(9720296,540720,'2021-06-17 23:53:49'),(9723050,688052,'2021-08-09 03:30:53'),(9726171,656037,'2021-06-21 09:24:17'),(9727692,477357,'2021-04-24 11:41:13'),(9728476,800959,'2021-08-17 21:18:55'),(9728864,692431,'2021-09-15 13:13:00'),(9732604,546552,'2021-07-07 13:15:43'),(9734539,584531,'2021-03-31 19:50:32'),(9735805,563486,'2021-03-23 13:33:36'),(9737765,563486,'2020-11-24 09:45:21'),(9739052,555449,'2021-10-31 01:25:59'),(9740537,431675,'2021-01-29 12:02:46'),(9740992,508878,'2021-06-22 15:01:19'),(9743556,908201,'2021-03-18 18:19:15'),(9744931,574667,'2021-01-13 22:22:07'),(9745564,857650,'2021-05-01 23:05:41'),(9746753,535142,'2021-10-08 11:12:13'),(9752284,592289,'2021-07-17 23:17:43'),(9754645,599932,'2021-11-07 21:53:36'),(9755799,468950,'2021-04-14 09:04:32'),(9757020,472424,'2021-01-28 01:18:04'),(9761037,549033,'2021-11-04 06:16:32'),(9763454,569061,'2020-11-27 23:00:44'),(9766536,419904,'2021-02-10 22:36:41'),(9767144,494256,'2021-09-18 12:55:26'),(9767569,541520,'2021-10-30 10:08:21'),(9771028,541235,'2020-12-29 05:41:18'),(9773932,437870,'2021-07-08 09:00:05'),(9777340,680466,'2021-04-15 21:46:50'),(9782311,494735,'2021-02-28 16:19:12'),(9783619,657115,'2021-10-13 19:31:36'),(9785512,963562,'2021-07-26 06:55:32'),(9786820,426909,'2020-12-05 22:40:09'),(9791581,580983,'2021-09-28 19:39:09'),(9791686,548379,'2021-06-04 09:07:49'),(9792292,518992,'2021-07-23 10:02:34'),(9795495,569061,'2021-05-22 16:43:07'),(9796648,460342,'2021-05-08 14:36:26'),(9802497,472424,'2021-06-11 00:56:52'),(9802550,480601,'2021-01-07 16:51:50'),(9805830,475311,'2021-02-22 00:00:09'),(9806135,686520,'2021-01-06 12:50:25'),(9809639,564110,'2021-01-02 04:55:17'),(9813011,605877,'2021-09-16 16:35:04'),(9815637,561150,'2021-04-30 05:27:51'),(9817247,920867,'2020-11-30 06:20:00'),(9817316,607942,'2021-10-08 23:05:51'),(9824933,581302,'2021-01-02 22:40:41'),(9826821,848616,'2021-10-13 01:07:02'),(9827590,531188,'2021-06-03 04:44:10'),(9831416,794920,'2021-01-21 08:20:08'),(9835088,688009,'2021-10-20 20:21:16'),(9838371,445858,'2021-08-02 05:00:55'),(9842566,965482,'2021-05-01 14:14:51'),(9848933,454410,'2021-10-01 01:15:06'),(9861063,783880,'2021-07-08 12:51:11'),(9868572,589939,'2021-09-05 22:49:17'),(9869169,925310,'2021-07-25 03:07:35'),(9871587,864981,'2021-03-04 05:25:03'),(9873085,629387,'2021-09-30 14:25:54'),(9877688,678541,'2021-08-10 01:46:06'),(9880133,981421,'2021-09-04 19:22:01'),(9884433,437870,'2021-01-02 04:06:49'),(9886325,742406,'2021-02-24 09:38:07'),(9886477,419904,'2021-03-15 15:13:00'),(9886710,984487,'2021-01-18 08:45:51'),(9886972,558185,'2021-07-14 07:46:42'),(9891589,491633,'2021-04-06 23:50:43'),(9893914,479264,'2020-11-23 21:54:29'),(9894615,782648,'2021-07-31 02:19:46'),(9896856,678194,'2021-01-15 19:26:26'),(9900997,663751,'2021-03-29 20:39:50'),(9902389,785399,'2021-01-09 01:26:17'),(9902956,887935,'2021-03-05 04:41:25'),(9904307,843290,'2021-01-31 19:14:43'),(9906526,884670,'2021-03-26 03:55:57'),(9910603,477995,'2020-12-09 06:29:41'),(9915661,815070,'2021-07-07 01:20:14'),(9918491,604525,'2021-03-08 22:02:02'),(9918900,574667,'2021-08-23 21:21:52'),(9925303,615947,'2021-05-19 13:24:40'),(9925942,567231,'2021-09-09 23:46:21'),(9926043,931638,'2021-10-16 15:29:48'),(9942459,539597,'2021-01-06 04:11:50'),(9945316,624559,'2021-01-05 08:51:08'),(9948192,546552,'2021-02-27 01:17:43'),(9956317,513092,'2021-01-22 15:04:06'),(9958550,566765,'2021-07-24 08:01:21'),(9961203,964868,'2021-08-28 22:44:11'),(9961686,502756,'2020-12-06 09:31:21'),(9962939,504764,'2021-01-04 23:23:43'),(9968372,695305,'2021-01-20 10:14:22'),(9977696,557872,'2021-04-08 19:37:11'),(9980264,900583,'2021-02-26 15:45:47'),(9981287,815059,'2021-11-06 11:03:59'),(9983209,954228,'2021-02-13 11:02:38'),(9987973,541520,'2020-11-28 18:27:33'),(9989314,474067,'2020-12-06 20:35:48'),(9991885,863612,'2021-04-21 21:27:06'),(9993736,913493,'2021-05-27 10:42:59'),(9994507,557863,'2021-07-02 05:49:45'),(9995804,871722,'2021-06-23 17:55:09'),(9997121,572252,'2021-06-19 04:34:32'),(9997136,621580,'2021-07-24 16:29:07');
/*!40000 ALTER TABLE `Medical_Instruction` ENABLE KEYS */;
UNLOCK TABLES;

--
-- Table structure for table `Medical_Medicine`
--

DROP TABLE IF EXISTS `Medical_Medicine`;
/*!40101 SET @saved_cs_client     = @@character_set_client */;
/*!40101 SET character_set_client = utf8 */;
CREATE TABLE `Medical_Medicine` (
  `medical_instruction_id` bigint(20) NOT NULL,
  `medicine_id` bigint(20) DEFAULT NULL,
  `dose` int(11) DEFAULT NULL,
  `note` varchar(20) COLLATE utf8mb4_unicode_ci DEFAULT NULL,
  PRIMARY KEY (`medical_instruction_id`),
  KEY `medicine_id` (`medicine_id`),
  CONSTRAINT `Medical_Medicine_ibfk_1` FOREIGN KEY (`medical_instruction_id`) REFERENCES `Medical_Instruction` (`medical_instruction_id`),
  CONSTRAINT `Medical_Medicine_ibfk_2` FOREIGN KEY (`medicine_id`) REFERENCES `Medicine` (`medicine_id`)
) ENGINE=InnoDB DEFAULT CHARSET=utf8mb4 COLLATE=utf8mb4_unicode_ci;
/*!40101 SET character_set_client = @saved_cs_client */;

--
-- Dumping data for table `Medical_Medicine`
--

LOCK TABLES `Medical_Medicine` WRITE;
/*!40000 ALTER TABLE `Medical_Medicine` DISABLE KEYS */;
INSERT INTO `Medical_Medicine` VALUES (8242525,85788,2,'Nihil asperiores dol'),(8242957,85796,2,'Cumque nulla et eum '),(8250785,85800,3,'Veritatis suscipit q'),(8251321,85828,2,'Itaque omnis optio t'),(8251617,85861,5,'Vel ducimus alias cu'),(8252008,85879,7,'Sit eos unde quam po'),(8258417,85891,4,'Occaecati fugiat qua'),(8266091,85914,5,'Nostrum rem dolores '),(8266940,85943,4,'Est nihil rerum at e'),(8267386,85971,5,'Possimus dicta solut'),(8269837,86006,5,'Modi et laborum omni'),(8271192,86036,7,'Omnis nisi quod et a'),(8276171,86053,2,'Minima libero quisqu'),(8278832,86105,6,'Iusto consequatur do'),(8280335,86182,1,'Omnis iure harum ear'),(8281258,86284,8,'Quo debitis nam reru'),(8283434,86303,9,'Dolor laborum debiti'),(8284484,86399,2,'Et iusto id hic non '),(8285309,86419,8,'Sunt quis non assume'),(8285624,86452,2,'Et enim voluptatem i'),(8286542,86466,4,'Nihil molestiae nemo'),(8295399,86582,1,'Omnis error quisquam'),(8302824,86599,9,'Vel qui soluta est. '),(8307998,86627,9,'Natus sed rerum ut v'),(8309526,86664,7,'Consequuntur quae qu'),(8310151,86689,9,'Eum est blanditiis o'),(8313216,86695,7,'Commodi velit ab odi'),(8321255,86737,4,'Dolor expedita modi '),(8322148,86796,1,'Adipisci sint volupt'),(8323727,86797,8,'Est pariatur volupta'),(8328290,86817,8,'Debitis sint corpori'),(8328334,86906,1,'Modi quae consectetu'),(8329999,86922,6,'Repellat aut recusan'),(8338499,87123,5,'Mollitia architecto '),(8341543,87223,2,'Nobis vel dolores si'),(8342142,87332,2,'Sit earum rerum perf'),(8342947,87404,2,'Vel numquam rerum eu'),(8344714,87433,5,'Vel libero aut ea ne'),(8346879,87465,7,'Quia eveniet ut adip'),(8351414,87490,4,'Quia harum sed ut qu'),(8351952,87566,7,'Aut et possimus quid'),(8356635,87601,7,'Aliquam veniam rerum'),(8357429,87632,3,'Eum aliquid perferen'),(8358892,87638,1,'Et aut excepturi dol'),(8359699,87685,8,'Ipsam quis expedita '),(8361811,87715,5,'Fugit non occaecati '),(8363077,87718,6,'Consectetur modi ips'),(8366073,87733,1,'In et et et molestia'),(8367134,87736,2,'Omnis molestiae inve'),(8375627,87749,8,'Omnis commodi volupt'),(8378536,87768,1,'Asperiores et rerum '),(8384828,87787,5,'Sunt illo illum saep'),(8385994,87921,7,'Qui occaecati nihil '),(8386234,87930,2,'Placeat sint provide'),(8386273,87954,7,'Eius recusandae veri'),(8387676,88109,2,'Numquam consequatur '),(8389675,88177,2,'Natus excepturi repe'),(8390021,88179,5,'Quos saepe qui imped'),(8391010,88211,3,'Fuga odit culpa ex p'),(8392907,88415,9,'Recusandae ipsa reru'),(8393236,88433,6,'Aut sint animi assum'),(8397725,88456,6,'Et cupiditate vero l'),(8397900,88470,5,'Delectus autem nisi '),(8402074,88506,1,'Expedita nihil ratio'),(8403058,88570,4,'Quos blanditiis reru'),(8410043,88579,8,'Suscipit enim tempor'),(8412405,88587,9,'Occaecati qui volupt'),(8415982,88616,8,'Eos delectus tempora'),(8416424,88647,1,'Saepe id et ipsum si'),(8417502,88680,5,'Sint amet est in sim'),(8418988,88717,6,'Quia quisquam repell'),(8420808,88814,1,'Explicabo sint place'),(8434631,88864,7,'Sequi ut dolorum qui'),(8440128,88919,2,'Voluptatum voluptate'),(8440785,88943,5,'Doloribus et velit d'),(8445172,88990,7,'Quis tempora enim ut'),(8445285,89023,4,'Ut distinctio id qui'),(8446331,89130,2,'Recusandae ducimus v'),(8448139,89132,2,'Sed eveniet ut rem l'),(8454021,89149,2,'Modi placeat cum est'),(8454434,89221,3,'Error illo mollitia '),(8458979,89244,2,'Voluptatibus sed cup'),(8462449,89246,9,'Sapiente ullam volup'),(8470007,89312,1,'Voluptatem corrupti '),(8470297,89315,3,'Quasi quasi quas vel'),(8476665,89378,4,'Labore quos et dolor'),(8478241,89434,9,'Fugit et corporis ev'),(8478483,89441,1,'Quo labore laudantiu'),(8480483,89461,7,'Quibusdam minus reru'),(8481759,89490,4,'Provident a dolores '),(8486086,89495,8,'Totam enim qui accus'),(8487578,89536,5,'Laboriosam in volupt'),(8490457,89545,9,'Laudantium voluptate'),(8492609,89630,1,'Sed magni aperiam ea'),(8499302,89701,7,'Quod est eos cumque '),(8499429,89874,9,'Magnam dolorum volup'),(8501331,89905,6,'Pariatur deleniti do'),(8502706,89927,6,'Id nihil delectus si'),(8502898,89960,7,'Totam possimus id pe'),(8504168,89999,5,'Mollitia est qui mol'),(8506202,85788,7,'Sapiente optio volup'),(8509707,85796,2,'Modi magnam voluptat'),(8510087,85800,6,'Ut ducimus odit omni'),(8510950,85828,5,'Perspiciatis omnis q'),(8513944,85861,8,'Provident nostrum te'),(8514494,85879,4,'Id illum modi et con'),(8516979,85891,5,'Quia laboriosam plac'),(8523271,85914,5,'Accusamus voluptas b'),(8524960,85943,9,'Aspernatur molestiae'),(8525142,85971,8,'Cum ipsam dignissimo'),(8531281,86006,6,'Natus quas ea aut to'),(8531418,86036,4,'Cum consequatur in e'),(8531787,86053,9,'Consequuntur tempori'),(8533679,86105,5,'Velit omnis quibusda'),(8534275,86182,1,'Dolore ratione qui o'),(8534571,86284,4,'Magnam id architecto'),(8537148,86303,2,'Quaerat temporibus r'),(8539322,86399,1,'Rerum et neque est f'),(8542195,86419,5,'Qui est ut aut sapie'),(8542789,86452,3,'Quia et fugiat enim '),(8544091,86466,4,'Ut cupiditate dolor '),(8544483,86582,8,'Eum autem quia qui c'),(8551206,86599,3,'Quas reiciendis et a'),(8552801,86627,4,'Iste tempore ipsa qu'),(8553882,86664,1,'Molestiae error face'),(8554800,86689,2,'Eaque et aut quo exp'),(8559860,86695,6,'Facere autem rerum d'),(8560044,86737,1,'Qui et nobis at quae'),(8563039,86796,9,'Nam eaque odit ut au'),(8564369,86797,2,'Omnis qui asperiores'),(8566854,86817,5,'Et earum beatae comm'),(8566884,86906,9,'At eligendi illo per'),(8568529,86922,4,'Amet rerum unde dign'),(8571926,87123,6,'Libero quas ut error'),(8572504,87223,4,'Consequatur consecte'),(8574866,87332,1,'Provident et molesti'),(8577828,87404,4,'Reiciendis assumenda'),(8578485,87433,7,'At ipsa ducimus veli'),(8579705,87465,9,'Quo consequatur aut '),(8580604,87490,2,'Enim eligendi maxime'),(8590333,87566,5,'Et fuga praesentium '),(8592132,87601,2,'Ut ut voluptas eveni'),(8597678,87632,1,'Et assumenda odio at'),(8598925,87638,4,'Ab dolorem placeat d'),(8601134,87685,8,'Natus natus et nobis'),(8613284,87715,8,'Consequuntur molliti'),(8614090,87718,5,'Ratione asperiores i'),(8616220,87733,7,'Recusandae odio qui '),(8621443,87736,3,'Blanditiis blanditii'),(8623428,87749,1,'Eveniet dolor doloru'),(8623700,87768,7,'Id et assumenda ab. '),(8625508,87787,4,'Sunt ipsum aut eos a'),(8627290,87921,4,'Aliquid sunt quo vit'),(8630482,87930,5,'Maxime perspiciatis '),(8634790,87954,2,'Possimus voluptatem '),(8639124,88109,7,'Dolore qui non quo e'),(8641472,88177,4,'Odio quo rerum non u'),(8643190,88179,7,'Repellendus odit ver'),(8643520,88211,3,'Dolor non vel et sin'),(8647977,88415,4,'Commodi non molestia'),(8648317,88433,2,'Quasi quos facilis e'),(8653794,88456,4,'Consequatur consequu'),(8655284,88470,9,'Natus sunt corporis '),(8656366,88506,5,'Qui earum magnam et '),(8661563,88570,3,'Rerum optio quis qui'),(8667105,88579,8,'Eos aut eaque non et'),(8667343,88587,7,'Aliquid enim quia qu'),(8670301,88616,3,'Non maxime labore ne'),(8671383,88647,9,'A voluptatum optio s'),(8673572,88680,7,'In iusto doloribus c'),(8674183,88717,3,'Distinctio quae eum '),(8675115,88814,7,'Velit sint dolor vel'),(8683133,88864,1,'Officia dolor quo qu'),(8687256,88919,8,'Culpa libero porro s'),(8690168,88943,6,'Aliquam ratione exer'),(8690729,88990,4,'Quibusdam quaerat et'),(8695657,89023,7,'Ut saepe dolorum ips'),(8697548,89130,4,'Aperiam doloremque v'),(8700840,89132,9,'Est numquam providen'),(8704851,89149,2,'Neque neque ut vel h'),(8708569,89221,7,'Ut et tempore quisqu'),(8710670,89244,1,'Suscipit velit id es'),(8712702,89246,8,'Reiciendis rerum imp'),(8713172,89312,5,'Rerum distinctio eos'),(8719908,89315,3,'Facilis et et labori'),(8720648,89378,7,'Unde blanditiis ab d'),(8720890,89434,9,'Iure eos est saepe. '),(8721611,89441,3,'Voluptas repellendus'),(8724661,89461,2,'Blanditiis perferend'),(8725229,89490,5,'Rerum ipsam ipsum ni'),(8727556,89495,6,'Facere impedit digni'),(8731426,89536,2,'Aliquid qui facere c'),(8731718,89545,8,'Natus consectetur am'),(8733623,89630,2,'Et voluptatem volupt'),(8733769,89701,2,'Deleniti consequatur'),(8737023,89874,3,'Culpa omnis libero e'),(8742351,89905,4,'Non ut at nihil tota'),(8742483,89927,8,'Enim eum voluptatum '),(8743425,89960,3,'Architecto ea dolor '),(8744897,89999,2,'Unde provident qui o');
/*!40000 ALTER TABLE `Medical_Medicine` ENABLE KEYS */;
UNLOCK TABLES;

--
-- Table structure for table `Medical_Nutrition`
--

DROP TABLE IF EXISTS `Medical_Nutrition`;
/*!40101 SET @saved_cs_client     = @@character_set_client */;
/*!40101 SET character_set_client = utf8 */;
CREATE TABLE `Medical_Nutrition` (
  `medical_instruction_id` bigint(20) NOT NULL,
  `staff_id` bigint(20) DEFAULT NULL,
  `nutrition` varchar(20) COLLATE utf8mb4_unicode_ci DEFAULT NULL,
  PRIMARY KEY (`medical_instruction_id`),
  KEY `staff_id` (`staff_id`),
  CONSTRAINT `Medical_Nutrition_ibfk_1` FOREIGN KEY (`medical_instruction_id`) REFERENCES `Medical_Instruction` (`medical_instruction_id`),
  CONSTRAINT `Medical_Nutrition_ibfk_2` FOREIGN KEY (`staff_id`) REFERENCES `Staff` (`staff_id`)
) ENGINE=InnoDB DEFAULT CHARSET=utf8mb4 COLLATE=utf8mb4_unicode_ci;
/*!40101 SET character_set_client = @saved_cs_client */;

--
-- Dumping data for table `Medical_Nutrition`
--

LOCK TABLES `Medical_Nutrition` WRITE;
/*!40000 ALTER TABLE `Medical_Nutrition` DISABLE KEYS */;
INSERT INTO `Medical_Nutrition` VALUES (8242525,543612,'Porro quia nihil mol'),(8242957,543613,'Esse nulla maiores u'),(8250785,543615,'Aut omnis sunt dolor'),(8251321,543616,'Necessitatibus autem'),(8251617,543617,'Sed sint nihil eaque'),(8252008,543619,'Et ut fugiat quos su'),(8258417,543621,'Deleniti cupiditate '),(8266091,543622,'Rerum molestiae qui '),(8266940,543623,'Officiis molestiae q'),(8267386,543624,'Officiis atque quas '),(8269837,543625,'Quo quo aut qui iste'),(8271192,543627,'Rerum sapiente minus'),(8276171,543629,'Provident et sed bla'),(8278832,543631,'Quia eius ut veritat'),(8280335,543632,'Qui architecto sit a'),(8281258,543633,'Veritatis rerum labo'),(8283434,543634,'Quia repellat sed eo'),(8284484,543635,'Rerum et est ad blan'),(8285309,543639,'Temporibus aspernatu'),(8285624,543640,'Dolorum architecto e'),(8286542,543641,'Illo itaque iure ad '),(8295399,543642,'Et assumenda cupidit'),(8302824,543644,'Dolores temporibus q'),(8307998,543646,'Architecto non velit'),(8309526,543648,'Placeat ut veniam ut'),(8310151,543650,'Mollitia et qui cupi'),(8313216,543651,'Vero ut qui impedit '),(8321255,543652,'Vero id ut sunt ea. '),(8322148,543654,'Numquam est id dolor'),(8323727,543663,'Inventore a amet off'),(8328290,543667,'Omnis autem qui repe'),(8328334,543669,'Iste aut et ut accus'),(8329999,543670,'Non et culpa quis re'),(8338499,543671,'Sed laborum reprehen'),(8341543,543672,'Voluptatem impedit e'),(8342142,543675,'Nesciunt qui quia co'),(8342947,543676,'Aliquid eos dignissi'),(8344714,543677,'Enim quo temporibus '),(8346879,543680,'Aut repellat error i'),(8351414,543681,'Hic est tempora libe'),(8351952,543682,'Velit sed maxime exc'),(8356635,543683,'Consequatur accusamu'),(8357429,543684,'Quae quidem nam volu'),(8358892,543685,'Voluptatem inventore'),(8359699,543686,'Autem totam iure odi'),(8361811,543689,'Expedita consequatur'),(8363077,543692,'Voluptatem error quo'),(8366073,543694,'Ipsa reprehenderit i'),(8367134,543697,'Et similique qui sit'),(8375627,543699,'Dolorem soluta ut vo'),(8378536,543612,'Vel sapiente tempora'),(8384828,543613,'Corrupti est expedit'),(8385994,543615,'Cupiditate sit error'),(8386234,543616,'Ut voluptatem magni '),(8386273,543617,'Quia quas aut id qui'),(8387676,543619,'Quod aut voluptatem '),(8389675,543621,'Ratione consectetur '),(8390021,543622,'Et sunt sint maxime '),(8391010,543623,'Odio ut facere ullam'),(8392907,543624,'Aut qui quis quia do'),(8393236,543625,'Earum quaerat repell'),(8397725,543627,'Magni autem officia '),(8397900,543629,'Impedit sed modi qua'),(8402074,543631,'Dolorum et qui illo '),(8403058,543632,'Architecto quidem qu'),(8410043,543633,'Eius facere eum saep'),(8412405,543634,'Quis voluptas magnam'),(8415982,543635,'Voluptatem sunt even'),(8416424,543639,'Voluptas quo vel err'),(8417502,543640,'Sunt sunt perspiciat'),(8418988,543641,'Voluptatem numquam p'),(8420808,543642,'Dolorem ducimus est '),(8434631,543644,'Aut delectus ipsam m'),(8440128,543646,'Nulla aliquam possim'),(8440785,543648,'Aliquid excepturi od'),(8445172,543650,'Magnam deleniti sit '),(8445285,543651,'Aut qui id iste. Con'),(8446331,543652,'Quidem ut dolore vel'),(8448139,543654,'Quasi necessitatibus'),(8454021,543663,'Molestiae et est eaq'),(8454434,543667,'Temporibus maiores n'),(8458979,543669,'Sed doloremque facil'),(8462449,543670,'Quis at est nulla et'),(8470007,543671,'Molestias enim delen'),(8470297,543672,'Corporis eligendi qu'),(8476665,543675,'Eveniet fuga incidun'),(8478241,543676,'Commodi aut libero v'),(8478483,543677,'Et eveniet non nemo '),(8480483,543680,'Fuga sit eum facere '),(8481759,543681,'Nobis quia sequi dol'),(8486086,543682,'Atque nisi magnam se'),(8487578,543683,'Dolorem repellat dig'),(8490457,543684,'Error earum quidem o'),(8492609,543685,'Commodi et odio sunt'),(8499302,543686,'Mollitia blanditiis '),(8499429,543689,'Dolorum ut rem debit'),(8501331,543692,'Ipsam vitae optio qu'),(8502706,543694,'Qui inventore ea occ'),(8502898,543697,'Earum est ratione su'),(8504168,543699,'Quod quia a at. Tene');
/*!40000 ALTER TABLE `Medical_Nutrition` ENABLE KEYS */;
UNLOCK TABLES;

--
-- Table structure for table `Medical_Record`
--

DROP TABLE IF EXISTS `Medical_Record`;
/*!40101 SET @saved_cs_client     = @@character_set_client */;
/*!40101 SET character_set_client = utf8 */;
CREATE TABLE `Medical_Record` (
  `medical_record_id` bigint(20) NOT NULL,
  `bed_no` int(11) NOT NULL,
  `room_no` int(11) NOT NULL,
  `doctor_id` bigint(20) DEFAULT NULL,
  `diagnosis` varchar(20) COLLATE utf8mb4_unicode_ci DEFAULT NULL,
  `hospitalized_status` varchar(20) COLLATE utf8mb4_unicode_ci DEFAULT NULL,
  `hospitalized_time` datetime NOT NULL,
  `discharge_info_id` bigint(20) DEFAULT NULL,
  PRIMARY KEY (`medical_record_id`),
  KEY `doctor_id` (`doctor_id`),
  KEY `discharge_info_id` (`discharge_info_id`),
  CONSTRAINT `Medical_Record_ibfk_1` FOREIGN KEY (`doctor_id`) REFERENCES `Doctor` (`doctor_id`),
  CONSTRAINT `Medical_Record_ibfk_2` FOREIGN KEY (`discharge_info_id`) REFERENCES `Discharge_Info` (`discharge_info_id`)
) ENGINE=InnoDB DEFAULT CHARSET=utf8mb4 COLLATE=utf8mb4_unicode_ci;
/*!40101 SET character_set_client = @saved_cs_client */;

--
-- Dumping data for table `Medical_Record`
--

LOCK TABLES `Medical_Record` WRITE;
/*!40000 ALTER TABLE `Medical_Record` DISABLE KEYS */;
INSERT INTO `Medical_Record` VALUES (5435,6,144,324028,'Expedita iste vel in','Aliquam a delectus p','2021-10-24 17:36:10',76434),(5471,2,115,324025,'Aspernatur rerum vol','Aperiam vel eligendi','2021-11-15 06:47:30',75263),(5518,2,153,324017,'Earum ut quibusdam d','Odio similique est o','2021-11-17 09:04:21',71763),(5567,9,134,324029,'Distinctio et repell','Odio eum iste corpor','2021-11-14 15:14:39',76703),(5574,6,181,324022,'Qui tenetur accusamu','Omnis placeat qui vo','2021-11-09 12:07:32',73947),(5579,9,107,324059,'Repellat recusandae ','Sint omnis nisi et i','2021-11-05 05:33:51',86911),(5595,7,170,324012,'Ratione fugit eos mo','Et dolor qui impedit','2021-10-27 05:25:04',70191),(5599,2,113,324043,'Deleniti omnis autem','Nemo corrupti praese','2021-11-09 09:24:45',81689),(5615,3,225,324018,'Fuga quis voluptas m','Magni laboriosam inc','2021-11-05 12:45:07',72402),(5620,9,128,324034,'Et repudiandae archi','Veniam quidem possim','2021-11-04 21:22:10',78452),(5633,8,174,324007,'Nisi et itaque place','Exercitationem imped','2021-10-28 14:37:57',67967),(5641,8,112,324051,'In eum aspernatur ea','Optio voluptatem cum','2021-11-12 07:12:55',84892),(5651,9,156,324021,'Est sequi dolorem sa','Et eos dicta modi si','2021-10-27 12:49:14',73679),(5673,6,158,324044,'Sint omnis expedita ','Autem aut eligendi p','2021-11-03 15:13:25',82408),(5674,7,152,324016,'Aut illo tempore aut','Ut assumenda minima ','2021-10-25 05:17:31',71534),(5685,5,140,324012,'Architecto a velit q','Maiores quaerat laud','2021-11-07 00:36:37',69900),(5687,9,139,324050,'Illo sint expedita t','Id sint deserunt et ','2021-10-20 11:57:41',84768),(5694,9,159,324005,'Animi dolor ab eius ','Consequatur impedit ','2021-11-11 16:48:43',67680),(5725,7,191,324060,'Voluptatem fugit lab','Alias praesentium au','2021-11-07 03:21:02',87332),(5782,5,145,324026,'Facere est est quia ','Nobis omnis et nostr','2021-11-06 11:55:07',75611),(5785,1,210,324023,'Voluptates quam in q','Accusamus id delenit','2021-10-18 17:21:58',74879),(5798,8,170,324057,'Iure dignissimos mol','Voluptatem totam neq','2021-10-23 14:32:10',86286),(5804,6,159,324048,'Voluptates porro ali','Nisi et animi non ex','2021-10-23 21:02:12',83863),(5809,5,110,324042,'Ducimus nesciunt mag','Labore ut ab soluta ','2021-11-02 22:39:38',81354),(5813,7,159,324031,'Animi commodi in off','Voluptates amet qui ','2021-10-20 13:56:48',76921),(5853,5,125,324033,'Ipsa ipsam laborum e','Fuga ratione corrupt','2021-11-15 06:14:43',77438),(5859,5,199,324035,'Ullam et adipisci fa','Dolorem ut nostrum r','2021-10-26 22:39:26',78920),(5932,8,146,324004,'Et laborum dolorum e','Alias dolorum volupt','2021-10-28 05:01:23',67499),(5946,2,234,324022,'Qui sunt aliquam eli','Ullam quasi expedita','2021-11-09 02:12:32',74135),(5982,8,143,324006,'Est molestiae labori','Eum veritatis volupt','2021-11-12 13:32:12',67914),(6002,3,215,324022,'Voluptatum est quia ','Hic aut esse provide','2021-10-22 16:53:17',73822),(6050,2,176,324007,'Eaque et numquam lab','Aut laborum ipsum vo','2021-11-11 23:12:00',68315),(6059,8,194,324057,'Animi doloribus quis','Ut assumenda laborum','2021-11-05 08:33:15',86528),(6087,9,232,324030,'Porro aut ut repella','Architecto officiis ','2021-11-15 20:21:54',76879),(6109,1,137,324006,'Consequatur consequa','Et ea molestiae veli','2021-10-27 05:59:29',67862),(6156,1,200,324031,'Veritatis sit omnis ','Suscipit debitis con','2021-11-14 04:27:14',77025),(6166,4,215,324024,'In quo dolorem sunt ','Voluptatibus quia am','2021-10-30 08:39:32',75102),(6172,5,174,324009,'Temporibus earum con','Est consequatur ad e','2021-11-08 00:19:06',69081),(6177,6,184,324006,'Ea dolorem sed sed.','Inventore facilis qu','2021-11-02 02:57:22',67748),(6193,1,120,324009,'Magni ex sunt volupt','Vel ducimus et debit','2021-10-18 12:02:08',69057),(6197,3,170,324055,'Sunt ipsum eum aut q','Aut facilis est reru','2021-11-15 22:06:45',85937),(6202,9,101,324021,'Ad nulla consequatur','Nulla magnam est ex ','2021-11-09 18:51:05',73644),(6247,2,135,324046,'Qui facilis commodi ','Quas delectus volupt','2021-11-12 12:59:35',83267),(6254,2,142,324041,'Eaque sit autem occa','Sit voluptas non lab','2021-11-07 14:32:16',80871),(6255,2,113,324014,'Laudantium cum et qu','Nesciunt ullam nihil','2021-10-30 03:14:02',70796),(6256,3,226,324028,'Est unde libero quis','Modi vitae omnis qui','2021-10-24 07:02:25',75820),(6272,4,221,324043,'Et consequatur totam','Corporis sed earum r','2021-10-26 02:22:29',81562),(6275,3,199,324018,'Eius soluta beatae i','Omnis rerum animi qu','2021-11-09 15:55:45',72666),(6295,9,109,324007,'Quo consequuntur dol','Neque officia volupt','2021-10-22 09:23:31',68316),(6298,5,109,324029,'Architecto voluptate','Enim mollitia animi ','2021-11-06 04:14:31',76532),(6303,8,126,324015,'Alias nihil reiciend','Deleniti autem at si','2021-10-25 14:55:02',71195),(6330,4,157,324011,'Recusandae dolorum c','Omnis amet nesciunt ','2021-11-08 20:32:34',69563),(6344,1,182,324001,'Debitis sunt soluta ','Impedit ex dolor del','2021-11-17 00:28:35',66022),(6350,6,137,324058,'Voluptates sed sit s','Magni voluptas et ul','2021-11-13 06:06:38',86880),(6360,1,127,324024,'Molestiae eos quo er','Quasi quo harum nequ','2021-11-05 02:19:37',74896),(6370,8,127,324053,'Tempora qui eaque ac','Reprehenderit in dol','2021-11-14 07:32:30',85583),(6372,6,141,324035,'Eaque ut veniam magn','Dolores sint harum v','2021-10-21 11:58:19',78885),(6382,3,234,324059,'Consequatur architec','Exercitationem dolor','2021-11-02 03:40:24',87141),(6399,7,192,324045,'Debitis quibusdam au','Ut voluptas aliquid ','2021-11-11 07:42:58',82860),(6407,5,149,324020,'Praesentium ut esse ','Vero ipsam ut qui co','2021-10-18 12:57:40',73260),(6415,3,148,324044,'Maiores omnis ipsum ','Cumque minus fugit s','2021-11-05 19:51:56',81911),(6416,5,109,324041,'Magni quia voluptas ','Est et quis laborios','2021-11-13 19:26:15',80862),(6432,4,135,324059,'Quo culpa aspernatur','Qui illo quasi enim ','2021-10-24 01:35:58',87139),(6453,3,138,324040,'Totam officiis maior','Laboriosam dolorem e','2021-11-16 18:46:02',80727),(6460,5,155,324011,'Qui totam itaque und','Repellendus beatae e','2021-11-06 07:04:09',69656),(6463,8,107,324039,'Aliquid omnis quis s','Repellendus temporib','2021-10-30 04:28:56',80427),(6473,7,204,324006,'Non numquam sed culp','Nobis dolores iure a','2021-10-24 04:36:43',67782),(6478,2,117,324016,'Quod iusto saepe fug','Sapiente ratione aut','2021-11-15 19:01:08',71630),(6488,1,202,324043,'Nihil velit sint off','Accusantium deleniti','2021-11-04 03:25:21',81633),(6492,1,180,324033,'Ut praesentium nesci','Inventore laudantium','2021-10-29 02:53:25',77715),(6499,8,204,324051,'Distinctio mollitia ','Temporibus alias vel','2021-10-30 15:13:00',85113),(6520,5,152,324022,'Inventore cum omnis ','Magni numquam explic','2021-11-02 16:22:49',73932),(6534,6,157,324001,'Voluptatum vero veli','At quis quaerat eos.','2021-10-20 19:48:14',66474),(6554,5,182,324022,'Quidem officiis eum ','Aut placeat pariatur','2021-11-01 10:37:09',74100),(6607,1,151,324029,'Dolores quo nisi rer','Ex non blanditiis et','2021-11-13 23:32:10',76592),(6619,1,197,324053,'Et rerum neque fugit','Vero quisquam pariat','2021-11-15 14:13:44',85455),(6628,2,177,324025,'Alias voluptas eaque','Quo illum tempora fu','2021-11-04 10:51:20',75400),(6630,1,228,324040,'Incidunt sequi aliqu','Accusantium vel veli','2021-11-06 03:52:19',80731),(6651,6,112,324043,'Rerum et sit velit e','Dicta quo laborum du','2021-11-04 00:14:23',81840),(6666,7,115,324019,'Consequatur corporis','Maiores voluptas max','2021-11-02 04:58:32',72953),(6668,1,145,324038,'Distinctio neque nob','Nihil consequuntur q','2021-10-27 07:00:19',79824),(6677,1,142,324049,'Voluptas cum cum et.','Voluptate incidunt q','2021-10-25 19:03:36',84099),(6689,2,154,324021,'Perspiciatis molesti','Harum praesentium qu','2021-10-27 06:24:41',73546),(6708,3,218,324004,'Officiis fugit eius ','Sed distinctio aliqu','2021-11-16 12:54:05',67489),(6759,9,169,324032,'Accusantium autem ve','Beatae unde ea et. E','2021-11-16 14:26:27',77099),(6760,3,158,324049,'Tempore sed amet ut ','Officia laborum qui ','2021-10-25 09:41:31',83981),(6764,3,131,324013,'Dolorem veniam et se','Ea provident eveniet','2021-11-13 01:33:45',70520),(6770,9,161,324005,'Autem molestiae adip','Qui illo quidem sed ','2021-11-04 07:45:11',67745),(6802,6,180,324049,'Nulla nulla eum vero','Impedit illum non qu','2021-11-02 07:28:48',84259),(6829,1,220,324045,'Modi odio voluptas v','Nisi nostrum rerum v','2021-10-31 22:46:25',82721),(6851,3,225,324057,'Architecto est ex od','Nisi id aspernatur e','2021-11-10 17:31:46',86427),(6866,8,146,324025,'Labore repellat cons','Explicabo corrupti a','2021-11-18 04:52:40',75272),(6869,4,164,324042,'Quisquam nemo maiore','Perspiciatis minima ','2021-10-23 01:26:11',81097),(6878,1,233,324020,'Quo quidem iure volu','Ipsa ut quam similiq','2021-11-08 00:46:07',73371),(6896,1,158,324032,'Inventore autem iure','Alias voluptas conse','2021-10-29 21:13:08',77192),(6917,5,116,324050,'Ut ab ipsam fugit ut','Quo debitis alias re','2021-11-15 08:45:42',84780),(6926,4,137,324005,'Velit tempore eum ut','Est iure reprehender','2021-10-19 03:37:32',67647),(6933,2,149,324056,'Rerum nisi pariatur ','Sed eaque quis sit b','2021-10-20 12:37:06',86186),(7035,7,166,324044,'Totam rerum illo nec','Voluptate fugit veni','2021-11-18 03:46:08',82144),(7038,6,127,324045,'Ipsum sit dolorum es','Dolor sapiente odit ','2021-10-28 12:09:17',82734),(7070,1,184,324031,'Aliquid temporibus l','Voluptate magni pers','2021-11-10 00:18:03',77052),(7084,7,195,324049,'Consectetur soluta e','Ea ipsam omnis odio ','2021-10-19 20:36:29',83913),(7105,5,125,324047,'Tempora occaecati eo','Aut delectus quia es','2021-11-18 01:47:33',83453),(7112,2,200,324019,'Ullam id incidunt et','Praesentium omnis ad','2021-10-20 06:23:46',72878),(7120,2,225,324028,'Excepturi eos expedi','Totam aut ullam ex t','2021-10-28 16:14:01',76526),(7126,4,136,324034,'Sit placeat quae sun','Voluptatum accusamus','2021-11-03 04:03:00',78402),(7135,1,126,324058,'Rerum sit et ullam p','Laudantium nam liber','2021-10-29 06:39:06',86892),(7139,1,215,324038,'Voluptas quibusdam h','Tempore voluptas dic','2021-11-09 04:08:07',80285),(7144,8,129,324037,'Non rerum ea debitis','Autem laudantium dol','2021-11-05 21:31:50',79467),(7145,4,203,324044,'Ut sit rem officiis ','Commodi molestiae el','2021-10-25 09:20:08',82264),(7147,9,170,324057,'Asperiores nisi quos','Quidem repellat tene','2021-11-12 00:29:04',86403),(7150,7,191,324035,'Aut debitis esse exp','Et veritatis possimu','2021-11-13 16:52:53',78814),(7164,8,212,324005,'Omnis porro blanditi','Quae eaque et veniam','2021-11-09 21:14:16',67740),(7216,4,123,324019,'Repudiandae laborios','Suscipit quos nisi d','2021-11-06 21:54:32',73047),(7240,6,192,324011,'Voluptatem voluptate','Voluptatem esse numq','2021-10-30 21:42:39',69643),(7246,3,147,324026,'Molestiae vel ducimu','Officia et quod quia','2021-11-15 17:58:07',75444),(7249,2,201,324037,'Eveniet est doloribu','Sit voluptatem qui e','2021-11-13 04:48:23',79689),(7254,5,107,324032,'Voluptatem delectus ','Mollitia molestiae e','2021-10-18 16:03:38',77380),(7275,8,154,324017,'Blanditiis suscipit ','Libero veniam doloru','2021-11-12 01:17:43',72254),(7292,4,165,324020,'Dolores nesciunt vol','Consequatur eos ea b','2021-10-26 08:18:35',73319),(7294,9,163,324042,'Blanditiis eos vel c','Dolorem dolor pariat','2021-11-02 16:18:02',81349),(7307,7,196,324011,'Eveniet impedit veli','Voluptas pariatur cu','2021-11-14 16:48:17',69823),(7315,6,140,324040,'Nostrum illo molesti','Velit occaecati natu','2021-10-25 03:24:31',80835),(7319,4,227,324024,'Magni ullam dolor et','Aut et quam quis asp','2021-11-14 08:58:14',75115),(7326,4,155,324047,'Repellendus rerum et','Sint quaerat sit qui','2021-10-21 08:49:27',83505),(7334,6,222,324060,'In et molestiae sit ','Id velit vel pariatu','2021-11-08 20:16:34',87532),(7353,4,168,324050,'Id voluptates non qu','Sit aut consequatur ','2021-10-30 15:35:32',84485),(7378,1,198,324000,'Quisquam itaque qui ','Necessitatibus dolor','2021-11-06 19:51:09',65755),(7399,1,150,324054,'In assumenda occaeca','Dolores molestiae ut','2021-10-18 18:27:45',85757),(7439,9,107,324007,'Repellendus est earu','Consequatur consequa','2021-10-26 10:50:25',68189),(7468,9,117,324000,'Molestias cumque rer','Alias est eaque dele','2021-11-13 02:23:54',65575),(7475,3,122,324047,'Necessitatibus est d','Quasi magnam qui cum','2021-11-12 17:11:03',83499),(7476,1,190,324005,'Aut consequatur quia','Laborum qui fugiat a','2021-11-12 14:33:16',67689),(7483,2,174,324001,'Ad porro voluptas do','Ipsam ipsam ducimus ','2021-10-26 14:24:05',66303),(7492,6,233,324058,'Omnis quo in sint cu','Facilis nihil maiore','2021-11-10 11:34:58',86894),(7496,5,101,324012,'Et dolor quos dignis','Nisi adipisci beatae','2021-10-23 11:49:09',70179),(7550,4,234,324054,'Ab laborum alias id ','Iusto amet perspicia','2021-11-01 17:13:59',85679),(7565,1,173,324053,'Et amet temporibus s','Beatae unde occaecat','2021-10-31 10:36:40',85436),(7608,7,138,324041,'Omnis distinctio aut','Et repellendus eos e','2021-11-17 06:44:54',81034),(7609,8,109,324054,'Qui aut soluta volup','Quaerat quisquam est','2021-11-07 16:46:47',85837),(7631,1,203,324015,'Ea quod aut non et n','In ullam sed dolorem','2021-10-21 07:42:00',71255),(7699,8,117,324033,'Aperiam commodi exce','Aliquid officiis eaq','2021-11-01 17:21:39',77671),(7703,8,110,324023,'Delectus sunt soluta','Ipsa ut nobis aut qu','2021-10-30 03:03:48',74848),(7704,7,113,324025,'Possimus aut et aut ','Quidem modi velit ap','2021-10-29 19:50:21',75264),(7716,2,198,324023,'Rerum facilis nam of','Repudiandae architec','2021-10-22 00:20:02',74429),(7743,7,230,324023,'Quo voluptas dolores','Itaque et omnis mini','2021-11-07 13:22:37',74405),(7792,9,131,324025,'Ut totam ad autem se','Odio et enim ut. Omn','2021-11-05 08:59:26',75261),(7795,4,164,324031,'Quia natus esse ex v','Deserunt architecto ','2021-11-02 00:47:45',77027),(7797,1,125,324009,'Ut soluta quam optio','Quis eum quis omnis ','2021-11-16 21:39:00',68984),(7806,7,135,324030,'Sed nobis cupiditate','Impedit consequatur ','2021-10-21 14:24:26',76839),(7812,4,187,324036,'Ut explicabo volupta','Officia dolores magn','2021-10-22 22:52:43',79229),(7815,2,105,324052,'Neque aspernatur nos','Quod sit sunt velit ','2021-11-08 12:00:23',85418),(7843,9,104,324048,'Inventore suscipit v','Qui quasi nihil anim','2021-11-09 08:12:21',83675),(7859,6,226,324018,'Sit ea impedit fugit','Illo corporis volupt','2021-10-24 17:25:13',72368),(7860,6,230,324003,'Voluptatem nostrum p','Et voluptatibus dolo','2021-11-05 12:52:46',67302),(7881,5,118,324002,'Voluptatem nesciunt ','Sequi dolore magnam ','2021-11-13 05:12:06',66801),(7885,6,113,324026,'Voluptas est exceptu','Non velit sint magni','2021-10-28 05:51:01',75416),(7890,8,139,324058,'Voluptas hic natus e','Numquam dolores eius','2021-10-28 06:08:49',86874),(7898,4,105,324015,'Quaerat et sit enim ','Vero ut enim dolorem','2021-10-30 13:36:48',71046),(7926,3,131,324047,'Vel eveniet accusant','Facilis autem vero d','2021-10-21 03:05:50',83534),(7942,5,171,324008,'Voluptatem autem eos','Id maiores quos sit ','2021-10-23 12:16:47',68873),(7948,3,143,324003,'Pariatur qui volupta','Ut est accusamus tem','2021-11-17 10:28:20',67287),(7959,5,230,324000,'Debitis iure et ipsa','Exercitationem at ve','2021-10-21 09:48:43',65746),(7970,1,191,324010,'Repellendus delectus','Consectetur dolor il','2021-10-22 18:04:04',69557),(7986,4,200,324053,'Deserunt et vero fac','Quia qui distinctio ','2021-11-05 11:01:20',85541),(7998,4,117,324001,'Eligendi dicta maior','Amet porro dicta qui','2021-10-24 12:52:16',65929),(8021,9,158,324040,'A saepe deleniti ame','Ratione ut vel accus','2021-10-25 04:25:07',80818),(8057,7,162,324043,'Minima velit aut nat','Provident odit deser','2021-11-08 16:17:40',81563),(8066,7,234,324015,'Mollitia doloremque ','Itaque laboriosam cu','2021-11-11 22:51:10',71102),(8101,9,102,324037,'A totam voluptatibus','Aut rerum animi mole','2021-10-22 14:06:15',79724),(8126,8,203,324037,'Reprehenderit omnis ','Facilis aut accusamu','2021-10-19 17:23:12',79386),(8142,2,208,324024,'Vel rerum omnis ipsa','Fugit maiores dolore','2021-11-09 22:50:00',75146),(8146,8,229,324004,'Autem non dolores do','Velit rem sed molest','2021-10-19 12:55:38',67538),(8154,4,172,324020,'Autem dolores provid','Voluptatum quis eius','2021-10-23 13:01:50',73274),(8164,7,116,324010,'Reprehenderit iure m','Est voluptates sed m','2021-11-06 03:16:07',69415),(8180,3,224,324057,'Qui et aliquam ea ex','Assumenda qui volupt','2021-11-01 03:29:00',86368),(8230,2,137,324036,'Autem voluptas volup','A ullam fugit quo au','2021-11-17 09:12:55',79234),(8257,5,212,324016,'Deserunt voluptatem ','Aut sint adipisci es','2021-11-16 09:11:59',71602),(8258,4,214,324002,'Qui facere ad fugit.','Qui quia voluptas vi','2021-11-11 15:09:02',66646),(8285,4,194,324021,'Reiciendis id iste i','Voluptates et itaque','2021-10-26 11:18:12',73697),(8300,3,188,324024,'Dolorum dolor blandi','Omnis nulla quod ut ','2021-10-27 22:15:55',74900),(8301,9,120,324030,'Error accusantium fu','Aliquam accusamus of','2021-11-12 13:40:41',76856),(8351,8,166,324044,'Ea id dolor omnis ea','Magnam reiciendis cu','2021-11-05 00:57:21',82392),(8376,3,137,324008,'Officia iure pariatu','Quam temporibus omni','2021-10-25 19:30:29',68710),(8402,3,133,324034,'Labore explicabo in ','Et in sed dicta dict','2021-11-02 11:10:24',78325),(8432,1,201,324052,'Sed et et distinctio','Sunt adipisci dolore','2021-10-29 02:20:09',85137),(8435,1,135,324003,'Cum sit suscipit ips','Numquam tempore duci','2021-10-26 19:57:34',67274),(8451,4,141,324060,'Illum id a dolores q','Sint aut sunt sed pl','2021-10-18 08:55:47',87572),(8458,8,171,324014,'Id sed nihil volupta','Est dolore sit et. N','2021-11-13 11:23:31',70775),(8466,1,167,324028,'Voluptates maxime ne','Ab minima necessitat','2021-11-18 00:26:17',75828),(8471,1,199,324032,'Repellat qui ad tota','Quis ut sit harum qu','2021-11-11 00:10:17',77306),(8472,3,179,324014,'Incidunt voluptatem ','Voluptatibus eveniet','2021-11-03 23:53:35',70815),(8510,7,172,324059,'Et aspernatur est vo','Voluptas officia sin','2021-11-02 17:24:55',87264),(8529,9,144,324046,'Quia quas ad et labo','Qui voluptatem non s','2021-11-13 11:37:14',82909),(8558,3,209,324004,'Rerum omnis ut porro','Nemo corporis conseq','2021-10-21 08:40:56',67453),(8593,2,228,324013,'Dolore sit modi ut u','Fugit quidem quis pe','2021-11-08 18:05:10',70528),(8608,7,157,324029,'Nesciunt est in anim','Numquam totam alias ','2021-11-03 05:06:32',76567),(8620,7,218,324033,'Ut sapiente autem es','Excepturi non adipis','2021-10-31 21:32:15',77749),(8623,6,174,324030,'Necessitatibus ullam','Eos accusamus occaec','2021-11-08 18:56:50',76843),(8626,2,115,324012,'Praesentium odit pro','Debitis reiciendis b','2021-11-16 07:32:03',69843),(8634,5,219,324046,'Voluptas qui eum est','Tenetur iusto conseq','2021-11-01 14:53:31',82964),(8657,4,146,324035,'Est architecto unde ','Id eum ut blanditiis','2021-11-10 00:56:57',78912),(8672,8,227,324002,'Et consequuntur dolo','Voluptatum aut velit','2021-11-07 23:48:46',66576),(8674,4,158,324003,'Et blanditiis fuga n','Consectetur repellen','2021-11-10 20:48:25',66920),(8694,7,219,324048,'Fugit est sint eum d','Consequatur voluptas','2021-10-29 15:25:42',83825),(8697,8,198,324036,'Hic pariatur eius mo','Incidunt id dicta cu','2021-11-07 22:08:07',79087),(8700,3,205,324038,'Nostrum unde quas de','Quae porro molestiae','2021-10-30 15:06:46',79725),(8737,1,234,324039,'Dolor culpa qui quis','Minus et quo eveniet','2021-11-15 14:14:29',80640),(8744,1,140,324035,'Fugiat molestiae mol','Harum ex in molestia','2021-11-03 12:20:49',78859),(8753,6,169,324004,'Et et tempora assume','Quidem quia dolorem ','2021-11-05 21:10:51',67466),(8785,1,197,324031,'Maiores eius repudia','Voluptas magni ipsam','2021-11-17 23:59:42',77004),(8789,9,136,324036,'Corporis labore veri','Repudiandae et eos i','2021-11-01 00:17:22',78973),(8791,3,197,324013,'Possimus recusandae ','Asperiores exercitat','2021-10-21 01:07:27',70280),(8826,4,148,324015,'Aut numquam et assum','Repellendus esse fug','2021-11-18 06:46:10',70971),(8834,7,210,324056,'Voluptatibus illum e','Laboriosam dolorem s','2021-10-26 04:25:32',86044),(8844,5,228,324017,'Quo qui accusantium ','Et dignissimos saepe','2021-10-31 01:49:13',71843),(8857,5,169,324014,'Eius ut est et quia ','Iste ut eos aut aut ','2021-11-10 02:47:38',70891),(8863,2,176,324017,'Quasi magnam ut sint','Similique est nulla ','2021-10-27 13:02:29',72306),(8878,5,200,324010,'Dicta dolor quisquam','At necessitatibus qu','2021-11-14 22:25:27',69445),(8890,5,143,324023,'Assumenda in molliti','Expedita nihil volup','2021-10-31 22:31:47',74667),(8919,7,216,324042,'Suscipit aperiam rep','Omnis dolore quia ut','2021-11-16 18:17:02',81246),(8949,3,125,324048,'Qui non veniam enim ','Sint quod et sint qu','2021-10-24 09:41:03',83606),(8961,5,108,324045,'Eius ut nihil quasi ','Illum rerum dolorem ','2021-10-27 22:41:37',82562),(8962,2,186,324034,'Nostrum impedit quis','Voluptate repellendu','2021-11-08 14:54:31',77789),(8974,7,133,324055,'At ratione expedita ','Autem est aperiam ma','2021-11-06 14:13:40',86043),(8975,1,176,324000,'Minima voluptate rep','Facilis officiis vol','2021-11-14 21:55:01',65488),(8987,4,172,324050,'In repellat sed aute','Quod aperiam quia fu','2021-10-24 16:00:27',84384),(9008,3,196,324009,'Autem aut est iste a','Quia voluptas ipsam ','2021-10-30 02:22:39',69109),(9036,7,190,324007,'Praesentium rerum id','Voluptatem expedita ','2021-10-19 04:05:11',68197),(9065,5,233,324012,'Architecto labore qu','Provident quidem opt','2021-11-01 06:49:57',70222),(9070,8,136,324058,'Est officiis volupta','Magni animi aliquid ','2021-11-01 15:25:47',86688),(9085,8,117,324036,'Nihil expedita conse','Et aliquam consequun','2021-11-07 01:01:50',79303),(9096,3,168,324060,'Et praesentium quia ','Et voluptate quidem ','2021-11-06 02:38:28',87323),(9107,4,145,324054,'Numquam voluptas vol','Aliquid facilis cons','2021-10-21 06:16:10',85744),(9109,7,124,324003,'Nihil cupiditate tot','Dicta occaecati illo','2021-10-18 21:56:25',67369),(9124,2,142,324032,'Ad facilis necessita','Dignissimos perferen','2021-10-20 17:11:29',77154),(9129,5,192,324038,'Iure laborum est dol','Qui quasi aut saepe ','2021-10-26 00:22:40',80031),(9143,2,126,324019,'Tempora occaecati te','Totam ad delectus fa','2021-10-19 00:05:58',72934),(9204,4,181,324040,'Soluta velit atque a','Asperiores ut ipsam ','2021-10-18 16:05:18',80779),(9214,8,230,324013,'Minus sed unde animi','Ab dolor asperiores ','2021-11-17 04:34:03',70300),(9220,9,203,324054,'Cupiditate corporis ','Corporis odit eligen','2021-10-18 17:53:19',85791),(9222,6,137,324011,'Commodi voluptas qua','Possimus et est cons','2021-11-04 22:37:28',69817),(9228,9,211,324048,'Dolorum accusamus qu','Sit doloribus molest','2021-10-30 19:07:01',83860),(9246,5,222,324042,'Non maiores eaque qu','Enim rerum qui nihil','2021-10-18 18:11:42',81194),(9250,2,106,324006,'Aut hic exercitation','Est voluptas sit sin','2021-10-21 04:54:11',67919),(9262,2,206,324019,'Rerum et doloribus e','Dignissimos earum mi','2021-11-09 20:00:42',73030),(9263,8,174,324009,'Eos aut sint volupta','Ut facere aut totam ','2021-11-03 19:33:56',69083),(9265,9,167,324056,'Corporis voluptas se','Et aut est qui exerc','2021-11-15 04:12:10',86095),(9269,8,131,324010,'Necessitatibus lauda','Praesentium quod sin','2021-11-10 18:10:25',69529),(9276,8,143,324021,'Nulla ut error ipsa ','Voluptas officia non','2021-10-21 14:53:52',73405),(9279,2,155,324055,'Dignissimos qui accu','Necessitatibus sed o','2021-10-22 02:23:30',85935),(9280,4,173,324010,'Sed ullam itaque in ','Sed amet sit sunt. E','2021-10-18 23:52:07',69220),(9281,4,129,324001,'Esse consequatur mag','Nulla natus sit in r','2021-11-08 20:46:52',66542),(9282,5,217,324018,'Neque non aliquid si','Est est et consequat','2021-11-06 22:58:02',72641),(9289,5,227,324018,'Assumenda veniam aut','Qui ab consequatur r','2021-11-05 09:45:09',72405),(9291,7,157,324056,'Unde animi ut molest','Ut ut dolores omnis ','2021-10-26 18:52:38',86282),(9297,9,210,324051,'Tenetur quia dicta p','Rerum et aperiam bla','2021-10-30 14:20:29',84938),(9302,5,229,324037,'Veritatis est atque ','Minus id tenetur ull','2021-11-05 17:19:03',79538),(9318,6,115,324000,'Molestiae facere ver','Nostrum fugiat iusto','2021-11-11 04:17:12',65915),(9344,7,233,324053,'Illum voluptatem con','Facere culpa sapient','2021-11-02 03:01:30',85609),(9350,8,115,324041,'Natus non exercitati','Consequatur minus od','2021-10-22 12:49:18',81059),(9351,7,130,324039,'Vitae expedita quisq','Fugiat et laborum eo','2021-10-18 16:12:32',80319),(9394,9,208,324016,'Molestiae velit et q','Est quis architecto ','2021-10-31 22:55:19',71493),(9400,9,193,324059,'Et fugit nisi qui es','Earum quia quod pers','2021-10-23 12:07:46',86963),(9438,1,134,324014,'Magnam autem at non ','Ut commodi quam dolo','2021-11-09 01:35:50',70883),(9467,6,178,324060,'Consequatur itaque f','Cum iure nihil ipsum','2021-11-11 13:49:53',87530),(9501,4,154,324039,'Et magnam nobis dolo','Autem veniam praesen','2021-11-08 23:38:03',80634),(9534,1,223,324008,'Ullam non libero inv','In aut hic aut porro','2021-11-17 14:03:33',68799),(9539,4,206,324033,'Natus temporibus et ','Sunt qui sint dicta ','2021-10-22 15:50:22',77661),(9540,3,224,324008,'Natus magnam qui vol','Ut voluptate consect','2021-10-25 10:02:52',68501),(9544,5,192,324049,'Dolorum iste volupta','Corporis delectus qu','2021-11-07 17:57:47',84039),(9546,7,112,324002,'Eligendi ipsa minima','Ipsam eaque doloribu','2021-10-27 20:48:45',66621),(9552,1,123,324034,'Ullam beatae amet di','Saepe ipsam cupidita','2021-11-11 05:07:50',77917),(9581,8,115,324046,'Expedita voluptates ','Praesentium aut volu','2021-11-06 05:45:49',83272),(9587,7,154,324055,'Iure magni vitae nih','Et in dolorem incidu','2021-10-25 08:05:04',85923),(9607,9,150,324017,'Quis illo in necessi','Minima aut et suscip','2021-10-29 23:03:40',71742),(9612,6,126,324050,'Nulla molestiae prae','Rerum et assumenda b','2021-10-24 04:21:04',84649),(9636,9,226,324020,'Eum eos nihil adipis','Quidem ea dicta accu','2021-10-28 20:40:10',73195),(9641,9,200,324047,'Sequi aut omnis cons','Deserunt eos numquam','2021-10-30 23:48:49',83510),(9649,9,117,324016,'Quia ut odio rerum q','Omnis repellat et of','2021-11-16 01:14:09',71682),(9691,8,230,324051,'Voluptas repellat of','Dignissimos dolorum ','2021-10-25 10:02:47',84865),(9706,8,138,324028,'Voluptas asperiores ','Et illo incidunt lau','2021-11-02 10:32:30',75822),(9722,4,146,324056,'Inventore debitis id','Ut possimus ullam am','2021-10-23 02:38:28',86254),(9724,5,144,324002,'Modi repudiandae nih','Sunt quisquam quas c','2021-10-22 22:13:24',66623),(9738,4,116,324026,'Nesciunt dolore veli','Qui dolores dolore t','2021-11-09 23:49:20',75723),(9740,9,163,324008,'Consequatur sunt et ','Voluptatum sit aut a','2021-10-22 22:40:03',68756),(9746,1,188,324013,'Illum veniam est qui','Voluptas eligendi ma','2021-10-26 03:02:52',70487),(9756,5,139,324051,'Enim in fugit tenetu','Mollitia et eos veri','2021-11-03 09:46:30',84942),(9768,4,116,324039,'Quia omnis odio tene','Quia cupiditate quis','2021-11-07 00:07:29',80529),(9769,2,119,324052,'Ut rerum eius rerum ','Ut distinctio et tem','2021-11-09 15:04:24',85177),(9803,5,156,324052,'Sequi et ad quia ut ','Sit et sunt odit sun','2021-11-03 03:41:45',85402),(9812,4,226,324055,'Harum rem delectus a','Exercitationem aut e','2021-11-16 03:19:26',85976),(9826,3,168,324046,'Dolor aut sequi et d','Aut omnis architecto','2021-10-31 03:07:29',82977),(9921,8,180,324045,'Est debitis vero ad ','Et et temporibus nem','2021-10-28 20:02:20',82515),(9949,3,165,324052,'Sit quod maiores sun','Ex optio aperiam et ','2021-10-22 00:01:13',85211),(9951,7,101,324041,'Possimus voluptatem ','Explicabo asperiores','2021-11-15 23:48:03',80952),(9965,8,135,324029,'Dolores id sed beata','Labore nostrum ex vo','2021-11-13 20:10:13',76654),(9967,4,199,324026,'Beatae eaque adipisc','Nisi sed autem facer','2021-10-24 12:06:51',75517),(9970,5,147,324030,'Pariatur sit minus d','Eaque tempora itaque','2021-10-27 12:38:47',76840),(9979,9,224,324038,'Aut officia quia qui','Similique illo facer','2021-10-20 11:42:38',80238);
/*!40000 ALTER TABLE `Medical_Record` ENABLE KEYS */;
UNLOCK TABLES;

--
-- Table structure for table `Medical_Test`
--

DROP TABLE IF EXISTS `Medical_Test`;
/*!40101 SET @saved_cs_client     = @@character_set_client */;
/*!40101 SET character_set_client = utf8 */;
CREATE TABLE `Medical_Test` (
  `medical_instruction_id` bigint(20) NOT NULL,
  `nurse_id` bigint(20) DEFAULT NULL,
  `test_id` bigint(20) DEFAULT NULL,
  PRIMARY KEY (`medical_instruction_id`),
  KEY `nurse_id` (`nurse_id`),
  KEY `test_id` (`test_id`),
  CONSTRAINT `Medical_Test_ibfk_1` FOREIGN KEY (`medical_instruction_id`) REFERENCES `Medical_Instruction` (`medical_instruction_id`),
  CONSTRAINT `Medical_Test_ibfk_2` FOREIGN KEY (`nurse_id`) REFERENCES `Nurse` (`nurse_id`),
  CONSTRAINT `Medical_Test_ibfk_3` FOREIGN KEY (`test_id`) REFERENCES `Test_Result` (`test_id`)
) ENGINE=InnoDB DEFAULT CHARSET=utf8mb4 COLLATE=utf8mb4_unicode_ci;
/*!40101 SET character_set_client = @saved_cs_client */;

--
-- Dumping data for table `Medical_Test`
--

LOCK TABLES `Medical_Test` WRITE;
/*!40000 ALTER TABLE `Medical_Test` DISABLE KEYS */;
INSERT INTO `Medical_Test` VALUES (8242525,543612,2011),(8242957,543613,2016),(8250785,543615,2034),(8251321,543616,2065),(8251617,543617,2091),(8252008,543619,2094),(8258417,543621,2149),(8266091,543622,2216),(8266940,543623,2227),(8267386,543624,2242),(8269837,543625,2247),(8271192,543627,2271),(8276171,543629,2282),(8278832,543631,2292),(8280335,543632,2304),(8281258,543633,2310),(8283434,543634,2321),(8284484,543635,2326),(8285309,543639,2327),(8285624,543640,2345),(8286542,543641,2386),(8295399,543642,2388),(8302824,543644,2429),(8307998,543646,2442),(8309526,543648,2467),(8310151,543650,2473),(8313216,543651,2510),(8321255,543652,2530),(8322148,543654,2531),(8323727,543663,2533),(8328290,543667,2550),(8328334,543669,2558),(8329999,543670,2564),(8338499,543671,2581),(8341543,543672,2586),(8342142,543675,2599),(8342947,543676,2609),(8344714,543677,2616),(8346879,543680,2631),(8351414,543681,2644),(8351952,543682,2649),(8356635,543683,2662),(8357429,543684,2663),(8358892,543685,2668),(8359699,543686,2674),(8361811,543689,2676),(8363077,543692,2683),(8366073,543694,2689),(8367134,543697,2704),(8375627,543699,2711),(8378536,543612,2728),(8384828,543613,2748),(8385994,543615,2765),(8386234,543616,2768),(8386273,543617,2777),(8387676,543619,2783),(8389675,543621,2801),(8390021,543622,2805),(8391010,543623,2835),(8392907,543624,2840),(8393236,543625,2842),(8397725,543627,2847),(8397900,543629,2849),(8402074,543631,2850),(8403058,543632,2853),(8410043,543633,2876),(8412405,543634,2903),(8415982,543635,2904),(8416424,543639,2906),(8417502,543640,2919),(8418988,543641,2934),(8420808,543642,2954),(8434631,543644,2979),(8440128,543646,3010),(8440785,543648,3056),(8445172,543650,3067),(8445285,543651,3091),(8446331,543652,3144),(8448139,543654,3147),(8454021,543663,3152),(8454434,543667,3173),(8458979,543669,3178),(8462449,543670,3203),(8470007,543671,3209),(8470297,543672,3210),(8476665,543675,3218),(8478241,543676,3228),(8478483,543677,3274),(8480483,543680,3276),(8481759,543681,3280),(8486086,543682,3298),(8487578,543683,3308),(8490457,543684,3336),(8492609,543685,3368),(8499302,543686,3372),(8499429,543689,3377),(8501331,543692,3397),(8502706,543694,3449),(8502898,543697,3452),(8504168,543699,3467),(8506202,543612,3473),(8509707,543613,3491),(8510087,543615,3504),(8510950,543616,3526),(8513944,543617,3531),(8514494,543619,3543),(8516979,543621,3547),(8523271,543622,3554),(8524960,543623,3556),(8525142,543624,3570),(8531281,543625,3578),(8531418,543627,3580),(8531787,543629,3590),(8533679,543631,3597),(8534275,543632,3598),(8534571,543633,3611),(8537148,543634,3620),(8539322,543635,3631),(8542195,543639,3643),(8542789,543640,3656),(8544091,543641,3659),(8544483,543642,3695),(8551206,543644,3706),(8552801,543646,3716),(8553882,543648,3724),(8554800,543650,3733),(8559860,543651,3734),(8560044,543652,3744),(8563039,543654,3746),(8564369,543663,3747),(8566854,543667,3772),(8566884,543669,3793),(8568529,543670,3813),(8571926,543671,3858),(8572504,543672,3859),(8574866,543675,3860),(8577828,543676,3876),(8578485,543677,3885),(8579705,543680,3898),(8580604,543681,3904),(8590333,543682,3915),(8592132,543683,3916),(8597678,543684,3923),(8598925,543685,3927),(8601134,543686,3930),(8613284,543689,3937),(8614090,543692,3940),(8616220,543694,3948),(8621443,543697,3951),(8623428,543699,3952),(8623700,543612,2011),(8625508,543613,2016),(8627290,543615,2034),(8630482,543616,2065),(8634790,543617,2091),(8639124,543619,2094),(8641472,543621,2149),(8643190,543622,2216),(8643520,543623,2227),(8647977,543624,2242),(8648317,543625,2247),(8653794,543627,2271),(8655284,543629,2282),(8656366,543631,2292),(8661563,543632,2304),(8667105,543633,2310),(8667343,543634,2321),(8670301,543635,2326),(8671383,543639,2327),(8673572,543640,2345),(8674183,543641,2386),(8675115,543642,2388),(8683133,543644,2429),(8687256,543646,2442),(8690168,543648,2467),(8690729,543650,2473),(8695657,543651,2510),(8697548,543652,2530),(8700840,543654,2531),(8704851,543663,2533),(8708569,543667,2550),(8710670,543669,2558),(8712702,543670,2564),(8713172,543671,2581),(8719908,543672,2586),(8720648,543675,2599),(8720890,543676,2609),(8721611,543677,2616),(8724661,543680,2631),(8725229,543681,2644),(8727556,543682,2649),(8731426,543683,2662),(8731718,543684,2663),(8733623,543685,2668),(8733769,543686,2674),(8737023,543689,2676),(8742351,543692,2683),(8742483,543694,2689),(8743425,543697,2704),(8744897,543699,2711),(8763230,543612,2728),(8765799,543613,2748),(8771075,543615,2765),(8773320,543616,2768),(8774113,543617,2777),(8777409,543619,2783),(8779192,543621,2801),(8781849,543622,2805),(8786488,543623,2835),(8786982,543624,2840),(8790347,543625,2842),(8794688,543627,2847),(8798322,543629,2849),(8799093,543631,2850),(8803787,543632,2853),(8808696,543633,2876),(8808729,543634,2903),(8809507,543635,2904),(8809686,543639,2906),(8813930,543640,2919),(8819437,543641,2934),(8821691,543642,2954),(8830557,543644,2979),(8831522,543646,3010),(8833873,543648,3056),(8833946,543650,3067),(8838977,543651,3091),(8839940,543652,3144),(8841100,543654,3147),(8841962,543663,3152),(8843095,543667,3173),(8845348,543669,3178),(8845376,543670,3203),(8851639,543671,3209),(8852128,543672,3210),(8853088,543675,3218),(8857291,543676,3228),(8861724,543677,3274),(8862780,543680,3276),(8865376,543681,3280),(8866587,543682,3298),(8872306,543683,3308),(8879114,543684,3336),(8881329,543685,3368),(8888029,543686,3372),(8894999,543689,3377),(8896026,543692,3397),(8898593,543694,3449),(8899419,543697,3452),(8900173,543699,3467),(8902955,543612,3473),(8908090,543613,3491),(8910468,543615,3504),(8910876,543616,3526),(8911114,543617,3531),(8911529,543619,3543),(8913469,543621,3547),(8913892,543622,3554),(8914524,543623,3556),(8921161,543624,3570),(8923313,543625,3578),(8924378,543627,3580),(8924670,543629,3590),(8926598,543631,3597),(8927129,543632,3598),(8928098,543633,3611),(8930413,543634,3620),(8942040,543635,3631),(8943840,543639,3643),(8947486,543640,3656),(8948854,543641,3659),(8950777,543642,3695),(8950786,543644,3706),(8951794,543646,3716),(8952242,543648,3724),(8953744,543650,3733),(8955281,543651,3734),(8966471,543652,3744),(8966700,543654,3746),(8967753,543663,3747),(8968245,543667,3772),(8968878,543669,3793),(8976825,543670,3813),(8983052,543671,3858),(8983245,543672,3859),(8985397,543675,3860),(8988257,543676,3876),(8990004,543677,3885),(8992148,543680,3898),(8996540,543681,3904),(9000566,543682,3915),(9000941,543683,3916),(9003136,543684,3923),(9003458,543685,3927),(9004004,543686,3930),(9005850,543689,3937),(9007814,543692,3940),(9009094,543694,3948),(9009901,543697,3951),(9009959,543699,3952);
/*!40000 ALTER TABLE `Medical_Test` ENABLE KEYS */;
UNLOCK TABLES;

--
-- Table structure for table `Medical_Xray`
--

DROP TABLE IF EXISTS `Medical_Xray`;
/*!40101 SET @saved_cs_client     = @@character_set_client */;
/*!40101 SET character_set_client = utf8 */;
CREATE TABLE `Medical_Xray` (
  `medical_instruction_id` bigint(20) NOT NULL,
  `xray_id` bigint(20) DEFAULT NULL,
  PRIMARY KEY (`medical_instruction_id`),
  KEY `xray_id` (`xray_id`),
  CONSTRAINT `Medical_Xray_ibfk_1` FOREIGN KEY (`medical_instruction_id`) REFERENCES `Medical_Instruction` (`medical_instruction_id`),
  CONSTRAINT `Medical_Xray_ibfk_2` FOREIGN KEY (`xray_id`) REFERENCES `Xray_Result` (`xray_id`)
) ENGINE=InnoDB DEFAULT CHARSET=utf8mb4 COLLATE=utf8mb4_unicode_ci;
/*!40101 SET character_set_client = @saved_cs_client */;

--
-- Dumping data for table `Medical_Xray`
--

LOCK TABLES `Medical_Xray` WRITE;
/*!40000 ALTER TABLE `Medical_Xray` DISABLE KEYS */;
INSERT INTO `Medical_Xray` VALUES (8242525,3243),(8242957,3248),(8250785,3258),(8251321,3273),(8251617,3275),(8252008,3281),(8258417,3302),(8266091,3307),(8266940,3317),(8267386,3324),(8269837,3325),(8271192,3341),(8276171,3353),(8278832,3364),(8280335,3368),(8281258,3376),(8283434,3398),(8284484,3411),(8285309,3412),(8285624,3418),(8286542,3420),(8295399,3440),(8302824,3459),(8307998,3460),(8309526,3461),(8310151,3463),(8313216,3469),(8321255,3471),(8322148,3475),(8323727,3482),(8328290,3497),(8328334,3506),(8329999,3512),(8338499,3525),(8341543,3527),(8342142,3531),(8342947,3563),(8344714,3564),(8346879,3568),(8351414,3575),(8351952,3579),(8356635,3584),(8357429,3587),(8358892,3594),(8359699,3596),(8361811,3604),(8363077,3612),(8366073,3613),(8367134,3619),(8375627,3630),(8378536,3633),(8384828,3634),(8385994,3635),(8386234,3648),(8386273,3662),(8387676,3676),(8389675,3680),(8390021,3691),(8391010,3705),(8392907,3736),(8393236,3746),(8397725,3764),(8397900,3778),(8402074,3780),(8403058,3783),(8410043,3818),(8412405,3820),(8415982,3825),(8416424,3853),(8417502,3858),(8418988,3866),(8420808,3872),(8434631,3875),(8440128,3889),(8440785,3890),(8445172,3911),(8445285,3917),(8446331,3928),(8448139,3933),(8454021,3934),(8454434,3943),(8458979,3944),(8462449,3984),(8470007,4024),(8470297,4027),(8476665,4040),(8478241,4042),(8478483,4077),(8480483,4078),(8481759,4080),(8486086,4090),(8487578,4097),(8490457,4106),(8492609,4115),(8499302,4130),(8499429,4136),(8501331,4148),(8502706,4155),(8502898,4156),(8504168,4164),(8506202,4172),(8509707,4191),(8510087,4192),(8510950,4224),(8513944,4233),(8514494,4247),(8516979,4254),(8523271,4275),(8524960,4279),(8525142,4291),(8531281,4320),(8531418,4324),(8531787,4341),(8533679,4349),(8534275,4359),(8534571,4360),(8537148,4377),(8539322,4395),(8542195,4409),(8542789,4418),(8544091,4425),(8544483,4434),(8551206,4471),(8552801,4479),(8553882,4483),(8554800,4488),(8559860,4490),(8560044,4492),(8563039,4494),(8564369,4502),(8566854,4503),(8566884,4507),(8568529,4509),(8571926,4511),(8572504,4524),(8574866,4534),(8577828,4536),(8578485,4543),(8579705,4551),(8580604,4573),(8590333,4604),(8592132,4605),(8597678,4611),(8598925,4618),(8601134,4620),(8613284,4621),(8614090,4635),(8616220,4641),(8621443,4649),(8623428,4650);
/*!40000 ALTER TABLE `Medical_Xray` ENABLE KEYS */;
UNLOCK TABLES;

--
-- Table structure for table `Medicine`
--

DROP TABLE IF EXISTS `Medicine`;
/*!40101 SET @saved_cs_client     = @@character_set_client */;
/*!40101 SET character_set_client = utf8 */;
CREATE TABLE `Medicine` (
  `medicine_id` bigint(20) NOT NULL,
  `medicine_name` varchar(20) COLLATE utf8mb4_unicode_ci DEFAULT NULL,
  `note` varchar(20) COLLATE utf8mb4_unicode_ci DEFAULT NULL,
  PRIMARY KEY (`medicine_id`)
) ENGINE=InnoDB DEFAULT CHARSET=utf8mb4 COLLATE=utf8mb4_unicode_ci;
/*!40101 SET character_set_client = @saved_cs_client */;

--
-- Dumping data for table `Medicine`
--

LOCK TABLES `Medicine` WRITE;
/*!40000 ALTER TABLE `Medicine` DISABLE KEYS */;
INSERT INTO `Medicine` VALUES (85788,'doloremque','Sit autem ullam magn'),(85796,'dolor','Alias explicabo pari'),(85800,'ut','Officia totam volupt'),(85828,'quis','Laboriosam perspicia'),(85861,'est','Voluptas qui praesen'),(85879,'incidunt','Vel facere hic est l'),(85891,'perspiciatis','Maxime velit volupta'),(85914,'est','Qui qui voluptas vit'),(85943,'dignissimos','Pariatur dolorem lab'),(85971,'architecto','Quam dolorem sapient'),(86006,'et','Ut soluta dolor faci'),(86036,'perferendis','In saepe numquam cup'),(86053,'nulla','Omnis rerum est repu'),(86105,'et','Est eos in omnis et.'),(86182,'magni','Tempora excepturi na'),(86284,'impedit','Quaerat aliquid dele'),(86303,'est','Sed et aut voluptate'),(86399,'ducimus','Dolor deserunt numqu'),(86419,'soluta','Deserunt omnis accus'),(86452,'aliquam','Velit unde magni con'),(86466,'exercitationem','Aut non nam et odit '),(86582,'excepturi','Placeat voluptatum u'),(86599,'totam','Amet aliquid et fugi'),(86627,'aut','Sed suscipit delectu'),(86664,'quis','Praesentium velit ip'),(86689,'itaque','Alias eveniet id rep'),(86695,'occaecati','Ipsam ea ut aut atqu'),(86737,'nihil','Pariatur nihil volup'),(86796,'et','Ipsa et vitae volupt'),(86797,'ex','Ipsam aut consequunt'),(86817,'quaerat','Sit nemo iusto asper'),(86906,'fugit','Unde dolorem assumen'),(86922,'et','Dolore optio qui ips'),(87123,'commodi','Autem rerum est ipsu'),(87223,'delectus','Iusto est vitae et c'),(87332,'eos','Repudiandae ab non q'),(87404,'dolor','Sit debitis ea simil'),(87433,'beatae','Quis sunt autem pari'),(87465,'consectetur','Et enim sequi nostru'),(87490,'culpa','Corporis aut et vero'),(87566,'iure','Quis totam sit neque'),(87601,'id','Voluptatem officiis '),(87632,'consequuntur','Ut exercitationem vo'),(87638,'ex','Vero vitae voluptate'),(87685,'et','Excepturi corrupti d'),(87715,'et','Nisi libero aut dict'),(87718,'sed','Perferendis aut omni'),(87733,'voluptatum','Quidem neque maiores'),(87736,'veritatis','Ipsa sequi omnis ani'),(87749,'in','Quisquam dolores fug'),(87768,'velit','Modi voluptatem nequ'),(87787,'iusto','Et omnis molestiae n'),(87921,'a','Eum aut veritatis ex'),(87930,'aspernatur','Fuga maxime quas bla'),(87954,'incidunt','Rem qui nihil omnis '),(88109,'repudiandae','Nisi unde ad et at u'),(88177,'soluta','Dolorem aut voluptat'),(88179,'blanditiis','Reiciendis nisi dolo'),(88211,'sit','Nisi accusantium lab'),(88415,'quaerat','Tenetur omnis et eaq'),(88433,'suscipit','Ipsa optio enim mole'),(88456,'totam','Repellendus dicta el'),(88470,'quisquam','Itaque error modi la'),(88506,'aspernatur','Id magnam blanditiis'),(88570,'aliquid','Natus fugiat iure el'),(88579,'rem','Est deserunt invento'),(88587,'dolorum','Eos deserunt invento'),(88616,'harum','Nesciunt voluptatem '),(88647,'dolore','Explicabo ratione qu'),(88680,'sit','In quod explicabo pa'),(88717,'eligendi','Rerum tempora dolor '),(88814,'deleniti','Ut quasi id qui. Inc'),(88864,'aut','Facilis quae aliquid'),(88919,'delectus','Voluptas quia earum '),(88943,'sit','Quo at aliquid aperi'),(88990,'veritatis','Excepturi ipsum reru'),(89023,'sint','Odit illum impedit e'),(89130,'enim','Repellendus voluptas'),(89132,'consequuntur','Veritatis perferendi'),(89149,'maxime','Ullam dolores optio '),(89221,'molestias','Blanditiis ut sit ut'),(89244,'cum','Labore velit beatae '),(89246,'voluptates','Dolorum rerum in ips'),(89312,'et','Consequatur soluta f'),(89315,'eum','Voluptate sed non es'),(89378,'dolor','Amet rerum eum quas '),(89434,'ipsa','Facilis vero qui id '),(89441,'cum','Sed placeat et dolor'),(89461,'quia','Occaecati rerum sed '),(89490,'et','Adipisci natus simil'),(89495,'consequatur','Ut et consequatur no'),(89536,'eum','Ut laboriosam maxime'),(89545,'qui','Commodi iure maiores'),(89630,'et','Qui esse omnis qui i'),(89701,'rem','Sit aperiam et asper'),(89874,'mollitia','Et quasi ex labore i'),(89905,'sed','Omnis expedita ad re'),(89927,'est','Corporis qui similiq'),(89960,'nulla','Suscipit voluptas ma'),(89999,'ex','Quis fugiat porro eo');
/*!40000 ALTER TABLE `Medicine` ENABLE KEYS */;
UNLOCK TABLES;

--
-- Table structure for table `Nurse`
--

DROP TABLE IF EXISTS `Nurse`;
/*!40101 SET @saved_cs_client     = @@character_set_client */;
/*!40101 SET character_set_client = utf8 */;
CREATE TABLE `Nurse` (
  `nurse_id` bigint(20) NOT NULL,
  `fname` varchar(20) COLLATE utf8mb4_unicode_ci NOT NULL,
  `lname` varchar(20) COLLATE utf8mb4_unicode_ci NOT NULL,
  PRIMARY KEY (`nurse_id`)
) ENGINE=InnoDB DEFAULT CHARSET=utf8mb4 COLLATE=utf8mb4_unicode_ci;
/*!40101 SET character_set_client = @saved_cs_client */;

--
-- Dumping data for table `Nurse`
--

LOCK TABLES `Nurse` WRITE;
/*!40000 ALTER TABLE `Nurse` DISABLE KEYS */;
INSERT INTO `Nurse` VALUES (543612,'Vincenza','Herzog'),(543613,'Jonatan','Raynor'),(543615,'Emma','Conroy'),(543616,'Gene','Spinka'),(543617,'April','Powlowski'),(543619,'Estella','Zieme'),(543621,'Aleen','Langworth'),(543622,'Willow','Spinka'),(543623,'Brad','Nolan'),(543624,'Kody','Luettgen'),(543625,'Lura','Langworth'),(543627,'Marielle','Labadie'),(543629,'Aletha','Raynor'),(543631,'Deondre','Howe'),(543632,'Emmitt','Huels'),(543633,'Noe','Hoppe'),(543634,'Jade','Douglas'),(543635,'Dawson','Wintheiser'),(543639,'Kenton','Dooley'),(543640,'Asha','Stracke'),(543641,'Amalia','Torp'),(543642,'German','Mayert'),(543644,'Kitty','Hudson'),(543646,'Lucio','Borer'),(543648,'Kathryne','Koepp'),(543650,'Queenie','Zemlak'),(543651,'Federico','Koch'),(543652,'Monica','Jakubowski'),(543654,'Paul','Kassulke'),(543663,'Myrtis','Koch'),(543667,'Marlon','Doyle'),(543669,'Lamont','Moore'),(543670,'Gertrude','Lindgren'),(543671,'Ana','Balistreri'),(543672,'Vince','Thompson'),(543675,'Robbie','Block'),(543676,'Onie','Koelpin'),(543677,'Dawn','Ward'),(543680,'Tate','Champlin'),(543681,'Andrew','Lindgren'),(543682,'Mozell','Harvey'),(543683,'Noemi','Dooley'),(543684,'Landen','Orn'),(543685,'Hertha','Emmerich'),(543686,'Pearline','Crooks'),(543689,'Haleigh','Mueller'),(543692,'Jaycee','Hane'),(543694,'Thalia','Prosacco'),(543697,'Meredith','McGlynn'),(543699,'Tomas','Ankunding');
/*!40000 ALTER TABLE `Nurse` ENABLE KEYS */;
UNLOCK TABLES;

--
-- Table structure for table `Outpatient_Case`
--

DROP TABLE IF EXISTS `Outpatient_Case`;
/*!40101 SET @saved_cs_client     = @@character_set_client */;
/*!40101 SET character_set_client = utf8 */;
CREATE TABLE `Outpatient_Case` (
  `case_id` bigint(20) NOT NULL,
  `nutrition` varchar(20) COLLATE utf8mb4_unicode_ci DEFAULT NULL,
  `reexam_time` datetime NOT NULL,
  PRIMARY KEY (`case_id`),
  CONSTRAINT `Outpatient_Case_ibfk_1` FOREIGN KEY (`case_id`) REFERENCES `Patient_Case` (`case_id`)
) ENGINE=InnoDB DEFAULT CHARSET=utf8mb4 COLLATE=utf8mb4_unicode_ci;
/*!40101 SET character_set_client = @saved_cs_client */;

--
-- Dumping data for table `Outpatient_Case`
--

LOCK TABLES `Outpatient_Case` WRITE;
/*!40000 ALTER TABLE `Outpatient_Case` DISABLE KEYS */;
INSERT INTO `Outpatient_Case` VALUES (413134,'Quia sed saepe fugit','2021-11-16 23:24:50'),(413181,'Ut esse nam unde fac','2021-10-23 07:39:13'),(413644,'Dignissimos nihil an','2021-11-10 07:24:55'),(414233,'Reiciendis unde duci','2021-11-01 13:56:35'),(414594,'Est dolorum est alia','2021-11-17 05:30:50'),(414743,'In culpa provident p','2021-11-10 06:14:52'),(415263,'Fugit et sequi iure ','2021-10-27 03:15:10'),(417290,'Non eum aliquam id r','2021-10-21 17:55:15'),(417394,'Dolore nisi eligendi','2021-11-04 16:27:03'),(418702,'Magni veniam cumque ','2021-11-14 01:25:59'),(419515,'Aliquam asperiores v','2021-10-30 00:29:42'),(419904,'Earum ut omnis occae','2021-11-08 01:12:50'),(420109,'Nam quaerat nemo exc','2021-11-03 06:53:27'),(422268,'Fuga aspernatur elig','2021-10-31 19:01:58'),(422636,'Expedita sint perfer','2021-10-22 04:11:20'),(426909,'Id blanditiis sunt r','2021-11-14 15:42:40'),(428819,'Ut tempore aspernatu','2021-11-07 21:43:44'),(430015,'Earum vitae laudanti','2021-10-19 12:17:26'),(431675,'Enim quis et dolores','2021-10-18 15:52:56'),(434709,'Enim enim corporis d','2021-10-19 14:14:38'),(434791,'Perspiciatis perspic','2021-10-24 09:42:10'),(435642,'Esse explicabo est i','2021-11-16 02:28:09'),(436068,'Dolorem doloremque p','2021-11-05 00:45:41'),(436273,'Libero hic ratione s','2021-11-10 23:52:46'),(437870,'Qui modi facilis rat','2021-11-14 11:47:08'),(439795,'Consequatur unde por','2021-10-23 10:17:44'),(440050,'Neque tenetur dolore','2021-11-03 20:27:21'),(440331,'Ea accusamus rem vol','2021-11-01 06:46:56'),(440571,'Nemo illo ea commodi','2021-10-26 06:19:45'),(440858,'Fuga ut odio molesti','2021-11-02 20:34:56'),(441062,'Sint eum aut nobis u','2021-11-12 23:23:49'),(444566,'Autem corrupti quo d','2021-10-20 02:05:26'),(445858,'In ea voluptas quisq','2021-11-07 23:21:28'),(449025,'Qui dolores eos comm','2021-11-14 16:38:35'),(450728,'Nulla voluptatem qui','2021-10-23 10:47:19'),(453583,'In libero dolorum su','2021-11-08 19:20:38'),(453788,'Est quia velit persp','2021-11-07 13:39:21'),(453925,'Et iusto tempore off','2021-11-17 00:15:49'),(454410,'Amet commodi nostrum','2021-10-26 19:54:42'),(454748,'Ipsam hic sint minim','2021-11-13 03:55:56'),(455465,'Ex et quibusdam nost','2021-10-29 00:58:26'),(458234,'Exercitationem iusto','2021-11-03 18:14:47'),(458962,'Facere mollitia corr','2021-10-25 09:34:20'),(459151,'Vel blanditiis dolor','2021-11-07 17:23:31'),(460342,'Aut omnis eaque ab u','2021-10-24 10:03:53'),(462601,'Occaecati repudianda','2021-11-09 10:25:36'),(467563,'Nihil voluptatem nes','2021-10-21 17:06:46'),(468950,'Excepturi ea et volu','2021-10-22 06:08:45'),(472424,'Sint iure vel quibus','2021-11-15 18:49:47'),(473091,'Fuga quia quasi repe','2021-11-09 19:04:17'),(473421,'Minus accusamus magn','2021-11-06 20:56:25'),(474067,'Dolorum tenetur volu','2021-11-17 10:19:05'),(475311,'Quia soluta exercita','2021-11-05 19:14:18'),(476579,'Nostrum corporis cor','2021-10-31 12:46:15'),(477357,'Eos saepe distinctio','2021-10-31 08:15:18'),(477616,'Dolorem reiciendis v','2021-10-31 17:46:12'),(477995,'Velit doloribus qui ','2021-10-31 05:57:01'),(478836,'Qui dolor ut qui lau','2021-11-02 02:35:02'),(479264,'Modi quis officia no','2021-11-05 22:05:48'),(479592,'Facilis alias iure d','2021-10-18 23:17:50'),(480002,'Voluptatibus laudant','2021-11-12 20:56:46'),(480601,'Earum sunt laboriosa','2021-10-22 17:30:07'),(480986,'Omnis ipsam asperior','2021-10-30 21:19:04'),(482508,'Aut ea voluptas eius','2021-10-22 10:16:54'),(482541,'Eligendi ipsam quam ','2021-10-24 22:00:54'),(490749,'Ea doloremque dicta ','2021-10-23 22:55:52'),(490989,'Aut dolor ut sed mol','2021-11-08 09:31:53'),(491125,'Eligendi deserunt ve','2021-10-30 04:52:52'),(491633,'Quaerat rerum conseq','2021-11-17 12:35:32'),(491695,'Voluptates eum rerum','2021-10-21 19:44:06'),(493016,'Et illum molestias n','2021-11-17 20:13:34'),(493128,'Odit qui maxime qui ','2021-10-27 09:20:11'),(494256,'Facilis veritatis un','2021-11-17 02:39:15'),(494735,'Quibusdam tempore id','2021-10-24 15:49:49'),(494945,'Quae quas deserunt n','2021-11-05 19:39:55'),(495797,'Facere natus beatae ','2021-11-16 18:45:46'),(496726,'Suscipit ex eaque fa','2021-11-16 10:36:55'),(498278,'Consequatur corporis','2021-11-18 03:55:59'),(499477,'Ex minus nihil nulla','2021-11-12 05:39:43'),(502672,'Dolores fugit neque ','2021-10-28 15:58:38'),(502756,'Vel amet dolore volu','2021-11-12 03:48:04'),(502877,'Praesentium rerum al','2021-11-18 06:46:35'),(503149,'Quos est omnis eos a','2021-10-20 01:20:28'),(503377,'Labore corporis eaqu','2021-10-26 18:11:08'),(504147,'Fugiat voluptatem co','2021-11-17 08:30:43'),(504349,'Illo eum aliquid ea ','2021-11-08 07:09:19'),(504764,'Voluptas qui nostrum','2021-11-15 00:23:57'),(505451,'Quia sint ipsam reru','2021-11-12 02:39:06'),(506765,'Sit repellendus quo ','2021-10-19 00:50:15'),(508077,'Nulla aperiam repell','2021-10-28 03:06:44'),(508214,'At et omnis iusto as','2021-10-25 16:05:03'),(508878,'Temporibus assumenda','2021-11-04 08:22:07'),(509965,'Ex quos porro autem ','2021-10-25 04:06:06'),(511733,'Consequuntur qui vol','2021-11-08 08:45:03'),(513092,'Officia a voluptatib','2021-11-08 22:06:01'),(515529,'Recusandae qui fugia','2021-11-13 20:19:25'),(516967,'Et laborum dolorum v','2021-11-04 14:06:50'),(517420,'Ut ut est qui molest','2021-11-01 16:50:31'),(518992,'Aut inventore aliqua','2021-11-02 12:02:37'),(520669,'Ut neque eum porro.','2021-10-19 18:17:21'),(521618,'Laborum pariatur exe','2021-10-22 14:03:00'),(525137,'Sed delectus fugiat ','2021-11-06 19:38:11'),(525409,'Beatae corporis cumq','2021-10-27 10:06:27'),(527061,'Unde temporibus odit','2021-10-20 22:12:31'),(528530,'Enim perferendis vel','2021-11-17 16:29:13'),(531188,'Qui qui cupiditate p','2021-11-04 04:49:13'),(532072,'Eveniet tempore qui ','2021-11-05 11:03:17'),(535142,'Amet aut dicta odio ','2021-10-24 15:47:58'),(535168,'Placeat vitae est se','2021-10-23 00:57:40'),(539098,'Possimus eveniet at ','2021-10-26 12:38:50'),(539597,'Distinctio dolorem r','2021-11-17 04:17:35'),(539620,'Earum quasi unde inc','2021-10-25 20:36:01'),(540720,'Quidem rerum sit qua','2021-10-25 11:05:42'),(541235,'Quaerat ad illo fugi','2021-10-30 01:50:36'),(541520,'Dolore neque totam o','2021-11-10 21:03:06'),(542374,'In et provident ut d','2021-10-24 01:24:03'),(543018,'Nam neque quia tempo','2021-10-29 15:01:35'),(545823,'Nisi ut laudantium q','2021-11-11 18:06:38'),(546552,'Quos quia consequatu','2021-11-03 01:48:18'),(548379,'Earum ipsum debitis ','2021-11-07 15:31:11'),(548530,'Eligendi dolores opt','2021-10-25 03:08:12'),(549033,'Quam accusamus deser','2021-10-30 20:13:32'),(549202,'Laudantium qui totam','2021-10-22 16:19:36'),(552911,'Est eius inventore q','2021-11-04 07:07:33'),(554902,'Dolorem et omnis pos','2021-11-14 23:56:55'),(555449,'Numquam ut iste perf','2021-11-12 09:59:33'),(556415,'Aut labore natus odi','2021-11-01 01:12:04'),(557814,'Quibusdam quia sed v','2021-10-18 19:11:27'),(557863,'Quia aut nihil accus','2021-11-12 07:51:28'),(557872,'Fugiat commodi iusto','2021-10-26 04:02:36'),(558185,'Enim cum vitae eum v','2021-11-03 07:54:31'),(558248,'Tempora nemo optio o','2021-11-02 01:00:16'),(558504,'Modi velit iure modi','2021-11-05 18:26:08'),(561150,'Enim temporibus quas','2021-11-01 12:09:23'),(561375,'Suscipit et est nihi','2021-10-24 08:45:51'),(562349,'Officiis eos molesti','2021-11-03 11:55:23'),(563486,'Minima nobis dolorib','2021-11-12 11:31:11'),(564110,'Omnis possimus sunt ','2021-11-05 05:40:03'),(564592,'Sunt dolorem repella','2021-10-21 11:29:48'),(566032,'Ut voluptatem facere','2021-11-14 22:36:53'),(566765,'Aperiam odit similiq','2021-10-24 16:36:36'),(567231,'Ratione quia itaque ','2021-10-20 02:43:40'),(567402,'Est et maiores quasi','2021-10-27 11:14:14'),(568896,'Rerum dolorem ex qui','2021-11-08 08:23:07'),(569061,'Quos rem et voluptat','2021-10-22 04:21:22'),(570445,'Quia nihil modi qui ','2021-11-15 07:09:52'),(571923,'Fugit vel dignissimo','2021-11-05 19:12:52'),(572252,'Quia rerum pariatur ','2021-11-04 08:15:07'),(572626,'Ut fuga accusantium ','2021-10-30 05:39:57'),(573211,'Facilis harum ad tem','2021-11-16 18:45:57'),(574667,'Facere blanditiis qu','2021-11-14 06:26:42'),(576421,'Totam magni optio no','2021-10-24 18:48:46'),(577541,'Eos et enim perferen','2021-11-11 06:27:42'),(578931,'Quas nam fuga amet d','2021-11-04 05:37:23'),(579781,'Rerum eos dolorem vo','2021-11-13 23:25:46'),(580140,'Ut est tempore quo e','2021-11-14 05:32:36'),(580261,'Sunt voluptatem corp','2021-11-08 05:32:27'),(580402,'Corrupti sint neque ','2021-11-04 18:28:33'),(580983,'Quo assumenda aspern','2021-10-25 14:43:54'),(581302,'Occaecati nemo qui s','2021-11-06 23:55:16'),(581893,'Distinctio rerum aut','2021-11-10 20:54:43'),(582837,'Voluptas sint qui co','2021-11-10 02:50:42'),(583566,'Eos adipisci exercit','2021-11-15 01:28:11'),(584531,'Sit dolores aut nost','2021-11-01 04:37:01'),(587450,'Quidem sed cumque no','2021-11-09 15:21:59'),(589939,'Sed sed quos corrupt','2021-10-27 09:27:08'),(592289,'Architecto voluptate','2021-10-19 18:31:22'),(593457,'Quis earum harum arc','2021-11-02 03:19:35'),(593902,'Explicabo sequi ea q','2021-11-18 01:09:33'),(594463,'Voluptas iste conseq','2021-11-10 14:01:31'),(597898,'Nihil voluptatem rer','2021-11-04 21:59:09'),(598070,'Repellendus nostrum ','2021-10-25 05:55:03'),(598238,'Repellat ipsa et rep','2021-10-22 18:42:58'),(598949,'Impedit qui molestia','2021-11-18 02:16:37'),(599932,'Ad tempora illum exe','2021-11-13 21:00:14'),(600232,'Voluptatem perferend','2021-10-28 03:35:27'),(601392,'Accusantium iusto su','2021-11-08 21:38:43'),(601401,'Hic optio odit sequi','2021-10-30 08:05:59'),(601419,'Labore ab iusto plac','2021-11-08 18:39:52'),(604525,'Quod et et cumque es','2021-10-24 03:13:00'),(604600,'Quaerat nemo quae of','2021-11-09 03:42:22'),(605353,'Quia eos architecto ','2021-10-27 03:22:23'),(605662,'Esse commodi et libe','2021-11-18 07:49:12'),(605877,'Asperiores dolores n','2021-11-14 20:47:11'),(605933,'Iure est commodi sus','2021-11-05 10:55:23'),(607942,'Sunt dolor eligendi ','2021-10-26 10:56:59'),(609412,'Commodi eveniet elig','2021-11-04 16:04:53'),(610092,'Magnam consequatur e','2021-10-30 15:28:50'),(611186,'Magnam qui quod sit ','2021-10-23 00:10:25'),(613045,'Quae laudantium volu','2021-11-15 05:37:38'),(615947,'Illo est in molestia','2021-11-07 18:10:53'),(617651,'Ut est vel non at la','2021-11-04 08:31:25'),(618152,'Soluta voluptas erro','2021-11-12 02:54:17'),(618612,'Est ab et accusamus ','2021-11-07 14:30:48'),(619455,'Illo officia aut inc','2021-11-01 22:17:38'),(621580,'Animi sunt sapiente ','2021-11-12 20:39:28'),(623139,'Consequatur aut et c','2021-11-05 04:47:02'),(624079,'Assumenda facilis re','2021-10-21 05:16:07'),(624559,'Enim officiis explic','2021-11-10 17:04:13'),(625868,'Velit voluptate iure','2021-11-17 09:47:10');
/*!40000 ALTER TABLE `Outpatient_Case` ENABLE KEYS */;
UNLOCK TABLES;

--
-- Table structure for table `Patient`
--

DROP TABLE IF EXISTS `Patient`;
/*!40101 SET @saved_cs_client     = @@character_set_client */;
/*!40101 SET character_set_client = utf8 */;
CREATE TABLE `Patient` (
  `health_ins_id` bigint(20) NOT NULL,
  `citizen_id` bigint(20) NOT NULL,
  PRIMARY KEY (`health_ins_id`)
) ENGINE=InnoDB DEFAULT CHARSET=utf8mb4 COLLATE=utf8mb4_unicode_ci;
/*!40101 SET character_set_client = @saved_cs_client */;

--
-- Dumping data for table `Patient`
--

LOCK TABLES `Patient` WRITE;
/*!40000 ALTER TABLE `Patient` DISABLE KEYS */;
INSERT INTO `Patient` VALUES (231561298,6067954738466),(231561299,4786773675041),(231561303,4418960044484),(231561305,3735076555464),(231561306,4057112305455),(231561308,5768287737571),(231561309,4289327155300),(231561310,5712234424807),(231561311,3743064407108),(231561312,5769290204945),(231561313,3745874463512),(231561315,5506770821764),(231561319,4429278473230),(231561320,3754820192066),(231561321,5514234929054),(231561323,6344572514908),(231561326,5128348357992),(231561327,5501539934677),(231561328,4707404973525),(231561330,3467882609905),(231561331,4079936488026),(231561334,6274749684264),(231561335,5606258148835),(231561336,5580978700680),(231561337,5533528728963),(231561338,4405227924864),(231561339,6376669144054),(231561341,3786789045838),(231561342,5812617496216),(231561343,4497154626886),(231561347,4780248405055),(231561348,4890890103249),(231561349,5084535737539),(231561350,5672726844999),(231561351,4882689064658),(231561353,5912802705166),(231561355,5332813409149),(231561356,5732509364055),(231561357,3816547410027),(231561358,4066075288370),(231561359,3477288945380),(231561360,4549553630814),(231561362,5166830113086),(231561363,6126318213258),(231561364,4356621219463),(231561365,4083121875367),(231561366,4379928447307),(231561367,4959962528130),(231561369,4504803562083),(231561370,4813305662048),(231561372,4328525467297),(231561374,3275371002783),(231561377,5687323858106),(231561378,5207957773888),(231561380,4834742634975),(231561381,4121090080839),(231561382,4145471386250),(231561383,6188956986656),(231561384,4069034186047),(231561385,6186484511907),(231561387,3459869904931),(231561388,3907661189547),(231561389,4591884953909),(231561390,3953847522252),(231561391,3946645324802),(231561392,3379328307608),(231561393,5125606026423),(231561394,5369251059549),(231561395,4867690756967),(231561396,3386040023521),(231561397,3907161334341),(231561398,3915434072011),(231561399,3712663844131),(231561401,4490424498086),(231561402,5675718059388),(231561403,3305743541171),(231561404,5082788027303),(231561406,3402006219057),(231561407,4106747050178),(231561408,5587316760924),(231561409,5077128083179),(231561410,4215953990934),(231561411,5749975672082),(231561412,5814300011091),(231561413,3338677884381),(231561417,5065699156350),(231561418,3252224239140),(231561419,6347749015191),(231561420,4611598767117),(231561421,3487048339158),(231561422,5665426642839),(231561423,4822570699477),(231561425,5428519120542),(231561426,4248977923343),(231561427,5051374634995),(231561428,5938102160124),(231561429,3999899009407),(231561430,5221712468956),(231561432,3233178943910),(231561433,4117109233259),(231561434,4543082876353),(231561435,6280553175692),(231561436,4904895238895),(231561437,4942890079930),(231561438,4809831378281),(231561441,5801426653354),(231561443,5636745754963),(231561445,5684992877252),(231561447,5265922834594),(231561448,5776182447604),(231561449,4695405530414),(231561450,3745747592059),(231561451,4212747497019),(231561452,4200174586323),(231561453,4164024771747),(231561454,5548934113325),(231561455,4109561332417),(231561456,5024501396410),(231561458,3448951514650),(231561459,5885478531624),(231561460,5795103260747),(231561461,3786252280491),(231561462,6365134352915),(231561463,5540548215190),(231561464,3303169105547),(231561465,4442896920162),(231561466,4490759122410),(231561467,5252517761420),(231561468,4824456647983),(231561469,3833857169341),(231561471,4966842441296),(231561472,3805815432530),(231561474,3276818958986),(231561475,4013739180828),(231561477,5514961834355),(231561479,3734874284879),(231561483,4708965907902),(231561484,5905724931047),(231561485,4140521701708),(231561486,6219265899493),(231561489,6100878965285),(231561490,3472068156606),(231561491,3533516766277),(231561493,3424429733763),(231561495,5347686758688),(231561496,6072036561645),(231561497,5346494359262),(231561498,3237921130186),(231561499,3910844062479),(231561500,4694919580538);
/*!40000 ALTER TABLE `Patient` ENABLE KEYS */;
UNLOCK TABLES;

--
-- Table structure for table `Patient_Case`
--

DROP TABLE IF EXISTS `Patient_Case`;
/*!40101 SET @saved_cs_client     = @@character_set_client */;
/*!40101 SET character_set_client = utf8 */;
CREATE TABLE `Patient_Case` (
  `case_id` bigint(20) NOT NULL,
  `doctor_id` bigint(20) DEFAULT NULL,
  `nurse_id` bigint(20) DEFAULT NULL,
  `health_ins_id` bigint(20) NOT NULL,
  `checkup_time` datetime DEFAULT NULL,
  `symptom` varchar(20) COLLATE utf8mb4_unicode_ci NOT NULL,
  `diagnosis` varchar(20) COLLATE utf8mb4_unicode_ci NOT NULL,
  PRIMARY KEY (`case_id`),
  KEY `doctor_id` (`doctor_id`),
  KEY `nurse_id` (`nurse_id`),
  KEY `health_ins_id` (`health_ins_id`),
  CONSTRAINT `Patient_Case_ibfk_1` FOREIGN KEY (`doctor_id`) REFERENCES `Doctor` (`doctor_id`),
  CONSTRAINT `Patient_Case_ibfk_2` FOREIGN KEY (`nurse_id`) REFERENCES `Nurse` (`nurse_id`),
  CONSTRAINT `Patient_Case_ibfk_3` FOREIGN KEY (`health_ins_id`) REFERENCES `Patient` (`health_ins_id`)
) ENGINE=InnoDB DEFAULT CHARSET=utf8mb4 COLLATE=utf8mb4_unicode_ci;
/*!40101 SET character_set_client = @saved_cs_client */;

--
-- Dumping data for table `Patient_Case`
--

LOCK TABLES `Patient_Case` WRITE;
/*!40000 ALTER TABLE `Patient_Case` DISABLE KEYS */;
INSERT INTO `Patient_Case` VALUES (413134,324019,543640,231561396,'2020-12-26 16:12:26','Harum ex quia corrup','Magni officiis et te'),(413181,324097,543692,231561366,'2021-05-21 09:12:11','Minus pariatur vero ','Corrupti nulla non v'),(413644,324003,543616,231561437,'2021-03-05 04:12:58','Consequatur labore o','Aut enim eum quibusd'),(414233,324009,543624,231561448,'2021-01-20 22:55:07','Nemo ducimus sed est','Neque dolorum tempor'),(414594,324080,543663,231561343,'2021-08-14 09:43:09','Sit odit esse sit et','Dolor rerum illum na'),(414743,324013,543631,231561390,'2021-03-15 10:26:17','Minus laborum id ven','Quidem nihil est dol'),(415263,324020,543641,231561331,'2021-03-03 12:39:59','Aperiam voluptatem a','Quia aut aut sit eni'),(417290,324002,543615,231561377,'2021-04-02 20:44:09','Ad et rem magnam. Es','Qui adipisci veritat'),(417394,324022,543644,231561399,'2021-08-18 19:09:03','Inventore cum dolori','Autem sit dolor non '),(418702,324097,543692,231561429,'2021-01-11 16:09:18','Rem sit id autem ut.','Sequi reprehenderit '),(419515,324017,543635,231561456,'2021-06-12 05:23:25','Et et et non et. Vol','Eius porro molestiae'),(419904,324008,543623,231561447,'2020-12-04 08:02:47','Est odio sit et aute','Voluptas dolorem qui'),(420109,324036,543675,231561353,'2021-05-28 05:56:37','Soluta iusto quisqua','Similique minima sap'),(422268,324007,543622,231561310,'2021-08-22 15:06:49','Nihil voluptatem ven','Nostrum vel soluta c'),(422636,324043,543684,231561362,'2021-05-05 17:42:41','Laborum voluptas sun','Consequatur esse dol'),(426909,324014,543632,231561321,'2021-09-18 10:44:20','Quam nihil magnam se','Sit ut beatae quia. '),(428819,324087,543676,231561483,'2021-11-15 12:31:59','Totam sequi aut volu','Iusto placeat dolore'),(430015,324086,543675,231561417,'2021-08-19 12:26:44','Est minima sit ipsa ','Accusamus velit occa'),(431675,324049,543697,231561369,'2021-09-13 10:42:19','Perferendis suscipit','Voluptatibus autem o'),(434709,324002,543615,231561303,'2021-01-25 02:42:11','Aut eum quis rerum. ','Et accusamus volupta'),(434791,324094,543685,231561363,'2021-06-05 17:43:46','Sequi quia dolores e','Dolore neque animi r'),(435642,324013,543631,231561452,'2020-12-26 03:06:00','Aliquam cum cupidita','Quo vero harum quisq'),(436068,324046,543689,231561496,'2021-07-18 11:54:11','Qui recusandae ab ea','Minus cumque sed ex '),(436273,324068,543635,231561394,'2020-12-03 07:09:55','Atque dolorem sed ex','Corporis perferendis'),(437870,324072,543642,231561334,'2021-09-07 22:07:16','Quo sint iure ducimu','Aut repellendus haru'),(439795,324011,543627,231561315,'2021-09-14 23:12:37','Possimus nisi dolore','Earum dicta nobis id'),(440050,324037,543676,231561418,'2021-09-18 02:59:26','Fuga at perspiciatis','Voluptate ipsam maio'),(440331,324085,543672,231561413,'2021-03-16 15:24:14','Accusantium natus do','Itaque sunt id aliqu'),(440571,324051,543612,231561372,'2021-04-10 06:05:15','Maxime et quos nihil','Molestias quod tenet'),(440858,324091,543682,231561422,'2021-10-26 21:55:52','Deleniti ea saepe an','Et ea omnis nostrum '),(441062,324031,543667,231561409,'2020-11-22 19:47:35','Quod architecto alia','Commodi velit dolori'),(444566,324048,543694,231561498,'2021-10-26 13:52:06','Animi animi perspici','Et aut dolorem et ap'),(445858,324044,543685,231561493,'2020-12-12 01:25:00','Iure voluptas maxime','Ipsa maiores ut tota'),(449025,324076,543650,231561465,'2021-02-11 13:30:14','Et quod quia libero.','Omnis consequatur la'),(450728,324026,543651,231561339,'2020-12-31 06:31:09','Non et est magnam te','Cum id cumque dolore'),(453583,324058,543622,231561383,'2021-03-30 05:18:51','Similique reprehende','Officia et et corrup'),(453788,324009,543624,231561385,'2021-05-24 16:43:34','Optio occaecati cons','Aut sequi sit non ex'),(453925,324021,543642,231561461,'2021-08-14 22:13:18','Voluptas consequatur','Ea accusantium provi'),(454410,324084,543671,231561475,'2021-03-16 20:08:19','Hic dolore hic accus','Incidunt vel illum n'),(454748,324035,543672,231561477,'2021-07-14 02:46:21','Et aliquid sed volup','Quis at consequuntur'),(455465,324012,543629,231561451,'2021-01-13 03:07:46','Atque quia enim eos.','Ea quidem qui consec'),(458234,324061,543625,231561387,'2020-12-29 21:37:53','Quos quo minus fuga ','Quas et explicabo se'),(458962,324032,543669,231561348,'2021-06-23 15:34:49','Dolorem reprehenderi','Quas est dolorem mai'),(459151,324064,543631,231561320,'2021-01-14 15:56:15','Velit inventore sed ','Deleniti consectetur'),(460342,324005,543619,231561441,'2020-11-20 14:59:56','Est vel impedit et a','Eligendi culpa nulla'),(462601,324051,543612,231561298,'2021-04-19 06:53:36','Provident sed vel se','Velit praesentium es'),(467563,324064,543631,231561320,'2021-08-12 02:30:35','Ex voluptatem quo co','Esse est vel aliquam'),(468950,324078,543652,231561406,'2021-02-21 18:56:34','Omnis accusamus quo ','Et tempore et qui qu'),(472424,324008,543623,231561447,'2021-04-22 15:05:34','Expedita ea aspernat','Ut vel cum dolorem. '),(473091,324013,543631,231561320,'2020-12-17 17:27:30','Repudiandae numquam ','Dolor itaque aut qui'),(473421,324039,543680,231561485,'2021-01-07 00:39:59','Eaque velit perspici','Corrupti quae atque '),(474067,324006,543621,231561309,'2020-12-01 19:27:31','Dolores repudiandae ','Laborum fuga sapient'),(475311,324022,543644,231561335,'2021-08-05 04:49:56','Aut laborum quo volu','Quasi eaque aliquid '),(476579,324094,543685,231561493,'2020-12-28 00:48:17','Quo consequuntur mol','Culpa quaerat nisi n'),(477357,324059,543623,231561384,'2021-08-12 02:22:57','Sequi sapiente non q','Quidem et aut quae v'),(477616,324014,543632,231561453,'2021-10-29 15:43:04','Fuga sunt occaecati ','Autem ipsa necessita'),(477995,324048,543694,231561367,'2021-06-08 11:57:04','Ut et cumque est aut','Dolores cum ducimus '),(478836,324084,543671,231561412,'2021-10-19 12:30:44','Voluptas quibusdam e','Laborum consequuntur'),(479264,324081,543667,231561347,'2020-12-07 08:21:59','Magni suscipit commo','Modi et in saepe. Al'),(479592,324074,543646,231561401,'2021-10-06 12:54:14','Et consequatur asper','Sed illum et eveniet'),(480002,324009,543624,231561312,'2021-06-20 21:05:00','Molestias dolores es','Autem maiores recusa'),(480601,324061,543625,231561387,'2021-02-24 20:06:46','Autem assumenda non ','Ut ipsa saepe in fac'),(480986,324062,543627,231561388,'2021-04-20 09:51:55','Rem reprehenderit do','Est doloremque et nu'),(482508,324024,543648,231561464,'2021-08-20 06:54:16','Quas aperiam necessi','Aut explicabo sint p'),(482541,324089,543680,231561420,'2021-09-07 05:29:49','Et officiis sint quo','Nihil autem sit eius'),(490749,324088,543677,231561356,'2021-09-02 12:41:11','Est porro doloribus ','Provident atque exce'),(490989,324094,543685,231561426,'2021-06-13 07:27:57','Ut praesentium place','Ut impedit odit a ac'),(491125,324092,543683,231561360,'2021-10-18 10:03:53','Ea ut et aut itaque ','Sunt sapiente molest'),(491633,324067,543634,231561326,'2021-10-10 14:49:21','Numquam quas volupta','Esse veritatis moles'),(491695,324076,543650,231561338,'2021-07-26 10:06:01','Totam ab voluptatem ','Nemo deserunt cupidi'),(493016,324050,543699,231561500,'2021-03-20 07:22:54','Suscipit quia amet o','Dolores aliquam illu'),(493128,324060,543624,231561448,'2021-07-20 13:51:27','Quia quo similique o','Voluptate et volupta'),(494256,324087,543676,231561355,'2020-11-23 03:02:14','Rem in nostrum accus','Ea in dolor tempora '),(494735,324020,543641,231561331,'2021-07-19 17:46:01','Ut nesciunt ut accus','Et aut sint et. Quia'),(494945,324032,543669,231561348,'2020-12-12 06:31:48','Nam voluptate sit re','Et aut quis voluptas'),(495797,324016,543634,231561393,'2021-04-02 02:22:36','Corrupti delectus ni','Eum tempore labore q'),(496726,324040,543681,231561421,'2021-10-25 12:54:43','Et facilis culpa mol','Unde et at suscipit '),(498278,324054,543616,231561305,'2021-03-03 04:00:46','Doloribus ut quis et','Iure quo est saepe n'),(499477,324036,543675,231561353,'2021-08-25 19:36:05','Minima voluptatem te','Repudiandae maxime q'),(502672,324023,543646,231561336,'2021-11-18 04:39:12','Aliquid nam eligendi','A blanditiis corrupt'),(502756,324071,543641,231561397,'2021-09-07 04:13:18','Autem et accusantium','Quia consequatur con'),(502877,324099,543697,231561369,'2021-08-20 08:14:44','Saepe nostrum volupt','Mollitia qui occaeca'),(503149,324060,543624,231561312,'2021-02-21 11:32:45','Quam consequatur omn','Voluptatem sint null'),(503377,324048,543694,231561430,'2020-12-29 23:31:57','Doloremque ducimus d','Dolores ut in placea'),(504147,324031,543667,231561347,'2021-08-15 12:56:59','Et quis ut totam mag','Odit nostrum sapient'),(504349,324063,543629,231561451,'2020-12-27 10:16:39','Commodi velit molest','Temporibus blanditii'),(504764,324061,543625,231561449,'2021-03-19 01:34:29','Aut alias sit magnam','Eligendi nisi beatae'),(505451,324037,543676,231561355,'2021-08-20 07:45:41','Repudiandae vitae of','Cum rerum consequunt'),(506765,324063,543629,231561389,'2021-11-05 04:07:57','Occaecati eius repel','Aut veniam explicabo'),(508077,324064,543631,231561390,'2021-02-28 16:28:17','Aut voluptatibus pra','Est et qui voluptate'),(508214,324048,543694,231561498,'2021-08-18 01:41:10','Est eveniet at eveni','Error quis autem mol'),(508878,324030,543663,231561469,'2020-11-23 16:32:34','Est ut modi corrupti','Quae aspernatur haru'),(509965,324093,543684,231561425,'2021-10-24 15:02:50','A temporibus volupta','Reprehenderit repreh'),(511733,324022,543644,231561335,'2021-11-04 08:03:13','Sint neque eius cum ','Non adipisci praesen'),(513092,324029,543654,231561342,'2021-10-09 19:15:50','Ratione ipsam sunt v','Nesciunt similique q'),(515529,324064,543631,231561390,'2021-09-12 13:47:20','Cumque perspiciatis ','Optio vitae providen'),(516967,324083,543670,231561411,'2021-02-19 03:24:03','Est eligendi reprehe','Sint tempore qui occ'),(517420,324082,543669,231561348,'2021-02-22 19:20:07','Nulla facere pariatu','Odit et aut sed quid'),(518992,324045,543686,231561427,'2021-02-22 21:39:35','Enim dolorem quia ut','Porro laudantium nes'),(520669,324066,543633,231561392,'2021-05-21 03:42:13','Molestias nemo vero ','Exercitationem conse'),(521618,324098,543694,231561367,'2020-12-05 23:59:33','Veniam veritatis fug','Iste quod qui dolor '),(525137,324058,543622,231561310,'2020-11-20 03:21:58','Et natus atque illo ','Et consequatur quia '),(525409,324006,543621,231561443,'2021-07-14 11:31:24','Ipsa qui nobis et co','Dolor dicta sunt con'),(527061,324047,543692,231561366,'2021-09-22 18:25:37','Ea odit velit quam n','Minus ipsam incidunt'),(528530,324053,543615,231561436,'2020-12-23 17:21:10','Libero voluptatem si','Amet tenetur eligend'),(531188,324099,543697,231561432,'2020-12-01 11:35:37','Odit fugit repellend','Soluta aliquam neque'),(532072,324067,543634,231561326,'2021-02-27 15:47:11','Iure numquam fuga mo','Veritatis aut ipsum '),(535142,324078,543652,231561406,'2021-02-18 07:46:21','Et autem accusantium','Harum quibusdam pers'),(535168,324053,543615,231561377,'2021-08-12 15:23:03','Non rerum deserunt m','Dolorum illo perfere'),(539098,324061,543625,231561313,'2021-08-22 08:21:45','Aliquam reprehenderi','Veniam non iure qui '),(539597,324007,543622,231561310,'2021-02-02 08:32:04','Cumque nesciunt eos ','Nisi eius sunt enim '),(539620,324010,543625,231561387,'2021-02-28 15:20:38','Eum iure itaque magn','Corporis beatae sint'),(540720,324042,543683,231561490,'2020-12-02 14:55:10','Excepturi laborum mo','Sint cumque enim adi'),(541235,324012,543629,231561389,'2021-01-29 21:31:40','Eos blanditiis iste ','Quas et optio nam ul'),(541520,324065,543632,231561391,'2021-11-14 20:26:57','In soluta facere sit','Tempore excepturi ma'),(542374,324021,543642,231561461,'2021-06-08 16:13:53','Maxime voluptatem qu','Doloribus nihil eum '),(543018,324066,543633,231561323,'2021-07-19 09:23:04','Corporis porro conse','Et quisquam et sit n'),(545823,324081,543667,231561409,'2021-01-08 02:19:43','Autem eveniet libero','Et corporis animi te'),(546552,324070,543640,231561330,'2021-08-08 15:48:42','Dignissimos ad modi ','Quis ratione suscipi'),(548379,324026,543651,231561404,'2021-04-04 09:29:26','Et et quasi adipisci','Dolor error doloribu'),(548530,324000,543612,231561434,'2021-07-29 02:54:36','Deleniti aut sed nes','Soluta voluptatem un'),(549033,324069,543639,231561395,'2021-10-20 08:26:56','Adipisci quibusdam l','Ut et deleniti quia '),(549202,324055,543617,231561380,'2021-04-01 22:11:18','Consequatur nihil iu','Enim quibusdam nemo '),(552911,324085,543672,231561477,'2021-09-24 08:11:37','Sapiente molestiae c','Laborum saepe accusa'),(554902,324069,543639,231561328,'2021-01-01 23:46:25','Debitis alias quaera','Earum dicta facilis '),(555449,324009,543624,231561448,'2021-02-25 03:46:50','Officiis amet sit mo','Architecto et modi u'),(556415,324028,543652,231561467,'2021-10-25 17:58:16','Sit sit consequatur ','Ipsa est dolore earu'),(557814,324057,543621,231561382,'2020-12-19 10:22:31','Ut molestias numquam','Reprehenderit animi '),(557863,324030,543663,231561343,'2021-07-19 21:53:53','Qui sit recusandae n','Ipsum eos placeat qu'),(557872,324100,543699,231561370,'2021-05-16 00:47:45','Quos voluptatibus su','Velit aut voluptatum'),(558185,324074,543646,231561336,'2021-07-14 03:23:17','Quidem ex eum offici','Quaerat ad est sapie'),(558248,324093,543684,231561362,'2021-06-09 05:36:35','Libero deleniti ut a','Omnis repellat ea li'),(558504,324084,543671,231561350,'2020-11-29 19:28:20','Voluptates veritatis','Iusto rem ex animi v'),(561150,324067,543634,231561455,'2021-01-15 18:38:58','Non incidunt enim vo','Minus non ut soluta '),(561375,324020,543641,231561397,'2021-05-26 22:43:10','Sit et ut velit nobi','Optio dolor rerum ma'),(562349,324091,543682,231561489,'2021-02-16 08:54:23','Reprehenderit omnis ','Inventore autem occa'),(563486,324030,543663,231561469,'2021-04-17 22:01:55','Corporis quas eius q','Nesciunt soluta dese'),(564110,324040,543681,231561358,'2020-12-23 07:24:21','Alias autem delectus','Optio eum quis qui. '),(564592,324006,543621,231561443,'2021-05-02 11:31:59','Et doloribus odio es','Veniam illo quas ani'),(566032,324034,543671,231561412,'2021-07-12 15:02:27','Aut consequatur amet','Dolorem doloribus qu'),(566765,324057,543621,231561443,'2021-05-04 22:45:30','Maxime qui quia omni','Cupiditate molestiae'),(567231,324083,543670,231561474,'2021-09-19 13:24:06','Laudantium velit tot','Amet neque maiores r'),(567402,324029,543654,231561342,'2021-10-17 15:37:33','Ut at iste et sed ut','Unde a incidunt ut e'),(568896,324007,543622,231561445,'2020-12-21 02:46:56','Dolor ut et qui inve','Ducimus voluptates a'),(569061,324019,543640,231561330,'2021-10-15 08:52:14','Error quos eos sit. ','Ut maiores qui saepe'),(570445,324080,543663,231561408,'2021-08-07 11:16:44','Dolor porro sed et v','Fugiat eligendi aliq'),(571923,324044,543685,231561363,'2021-02-15 03:35:50','Ut pariatur quisquam','Vel quidem et libero'),(572252,324077,543651,231561404,'2021-05-03 12:33:06','Et nisi consequatur ','Praesentium architec'),(572626,324084,543671,231561412,'2020-12-15 23:40:06','Qui id aliquam ut au','Reprehenderit suscip'),(573211,324039,543680,231561485,'2021-06-11 17:40:22','Magni dolorem delect','Nostrum impedit corp'),(574667,324097,543692,231561429,'2021-04-23 09:43:58','Voluptas iure eum ei','Rerum et nihil est f'),(576421,324098,543694,231561367,'2021-07-23 19:38:59','Quidem aut nemo veli','Ratione animi quia f'),(577541,324081,543667,231561409,'2021-07-11 23:18:16','Autem aut quia simil','Deleniti vero conseq'),(578931,324089,543680,231561357,'2021-02-27 07:35:05','Repudiandae natus ad','Omnis dolorum provid'),(579781,324091,543682,231561359,'2021-01-26 00:33:06','Accusantium odio est','Quia possimus cumque'),(580140,324098,543694,231561430,'2021-06-22 07:44:56','Quasi consectetur et','Inventore minus simi'),(580261,324059,543623,231561311,'2021-05-18 15:21:56','Reprehenderit aliqui','Facilis ut sit offic'),(580402,324093,543684,231561491,'2021-01-12 20:55:54','Odit tempore necessi','A sint qui nostrum a'),(580983,324023,543646,231561401,'2021-10-21 01:49:56','Consequatur commodi ','Accusantium repellat'),(581302,324049,543697,231561499,'2020-12-20 12:17:03','Saepe velit labore v','Odit qui rerum et it'),(581893,324066,543633,231561323,'2021-07-25 21:36:20','Iusto incidunt liber','Aut molestias perspi'),(582837,324032,543669,231561472,'2021-06-16 21:12:27','Necessitatibus a dic','Qui esse accusamus l'),(583566,324073,543644,231561462,'2021-07-10 14:18:07','Autem aut vel omnis ','Recusandae qui sapie'),(584531,324056,543619,231561441,'2021-03-03 17:56:04','Porro qui quia aut v','Et aut consequatur u'),(587450,324079,543654,231561342,'2020-12-22 04:18:05','Voluptatem nesciunt ','Velit qui quos autem'),(589939,324036,543675,231561479,'2021-07-17 22:13:15','Quis cum dolore labo','Ut optio voluptatem '),(592289,324076,543650,231561403,'2021-02-18 06:20:01','Consectetur itaque c','Enim unde molestiae '),(593457,324032,543669,231561472,'2021-11-11 00:50:52','Culpa ullam et cum e','Et adipisci non ut v'),(593902,324060,543624,231561385,'2021-03-05 06:37:35','Numquam quo eius occ','Numquam officia aspe'),(594463,324056,543619,231561381,'2021-08-18 22:23:06','Possimus sunt nisi q','Rerum illum facilis '),(597898,324075,543648,231561402,'2021-01-27 15:59:29','Voluptate dolor eum ','Repudiandae et et fu'),(598070,324009,543624,231561312,'2021-10-20 16:43:38','In quis aliquam nihi','Et nisi sequi dolor '),(598238,324030,543663,231561408,'2021-06-30 12:48:38','Consequuntur volupta','Assumenda nostrum do'),(598949,324093,543684,231561362,'2020-11-24 07:12:51','Voluptatum nemo magn','Voluptas sit quod ev'),(599932,324020,543641,231561460,'2020-12-02 00:30:56','Accusantium officiis','Est quod autem quia '),(600232,324018,543639,231561458,'2021-08-22 03:46:29','Est qui beatae aut e','Totam occaecati prae'),(601392,324091,543682,231561359,'2021-02-15 05:31:19','Eligendi consequatur','Nisi voluptatem aut '),(601401,324005,543619,231561308,'2021-02-11 06:53:18','Dicta quia eos rerum','Sequi ut deserunt qu'),(601419,324095,543686,231561427,'2021-09-02 01:48:46','Laboriosam eius elig','Laboriosam amet nisi'),(604525,324004,543617,231561438,'2020-12-28 00:20:26','Et quidem voluptas a','Dolore cumque molest'),(604600,324016,543634,231561455,'2021-03-13 21:13:39','Eos pariatur eveniet','Omnis autem natus el'),(605353,324017,543635,231561456,'2021-01-28 14:19:01','Iusto facere non qua','Cum magni distinctio'),(605662,324021,543642,231561398,'2021-11-07 00:39:30','Inventore quaerat qu','Enim qui laborum eiu'),(605877,324088,543677,231561419,'2021-05-13 23:09:54','Error non repudianda','Et dicta rerum ratio'),(605933,324016,543634,231561455,'2021-09-07 21:01:53','Magnam quas dolores ','Ratione omnis et aut'),(607942,324063,543629,231561319,'2021-05-28 13:18:29','Quia cupiditate est ','Consequuntur volupta'),(609412,324082,543669,231561348,'2021-09-18 02:57:20','Et omnis soluta quia','Earum rem veniam qui'),(610092,324021,543642,231561334,'2021-01-04 16:21:26','Molestiae dolorem qu','Omnis molestias nece'),(611186,324095,543686,231561495,'2021-05-29 22:57:54','Eos quis sunt qui mo','Magni molestiae volu'),(613045,324004,543617,231561306,'2021-08-26 06:52:19','Assumenda harum amet','Dolores corrupti cum'),(615947,324036,543675,231561479,'2020-11-18 10:37:21','Temporibus dolorum e','Enim voluptatum dolo'),(617651,324028,543652,231561341,'2021-07-30 16:27:16','Delectus cumque quo ','Et omnis eveniet ab '),(618152,324081,543667,231561471,'2021-08-09 15:25:44','Facere voluptates al','Corporis rerum archi'),(618612,324038,543677,231561356,'2020-11-21 01:24:13','Nobis omnis autem it','Eum qui iste magnam '),(619455,324001,543613,231561435,'2021-05-10 23:33:11','Et quam quo est plac','Atque quia deleniti '),(621580,324054,543616,231561378,'2021-03-22 22:44:28','Eaque ut est perspic','In et adipisci paria'),(623139,324051,543612,231561372,'2021-08-08 16:49:42','Eos doloremque volup','Delectus rerum omnis'),(624079,324095,543686,231561364,'2021-04-27 14:12:59','Rem sapiente quaerat','Et nam alias est. Et'),(624559,324037,543676,231561483,'2021-07-07 12:36:45','Sit sapiente officii','Dolores optio dolor '),(625868,324077,543651,231561404,'2021-05-30 05:23:26','Est quaerat et volup','Sint est consequuntu'),(629387,324086,543675,231561479,'2021-04-22 23:47:42','Nam ducimus est nost','Sit est officiis et '),(629604,324072,543642,231561398,'2021-11-09 10:56:25','Molestiae sed a quia','Ipsa voluptatem quia'),(629824,324087,543676,231561355,'2020-12-10 00:29:55','Est aut dolorum quas','Consequuntur exercit'),(631486,324059,543623,231561311,'2021-09-10 16:06:19','Modi rerum facilis a','Ratione unde ut aut '),(634004,324033,543670,231561349,'2021-08-15 07:04:08','Odit corporis perspi','Consequuntur ex repe'),(634532,324062,543627,231561315,'2021-07-21 04:46:22','Non voluptatem dolor','Et temporibus delect'),(636288,324018,543639,231561328,'2021-02-28 14:00:02','Accusamus libero aut','Sunt ut est et quam.'),(637889,324059,543623,231561384,'2020-12-05 01:15:31','Est suscipit iste mi','Tempore rerum est iu'),(638528,324059,543623,231561447,'2021-03-11 05:03:13','Dolor ipsam nesciunt','Accusantium reiciend'),(638614,324095,543686,231561364,'2021-05-06 14:55:01','Sit corrupti unde ve','Blanditiis vitae vit'),(640649,324065,543632,231561453,'2021-08-12 01:28:59','Veritatis saepe nam ','Praesentium corrupti'),(640694,324006,543621,231561309,'2021-02-04 09:08:08','Et vel voluptatem si','Quaerat nisi quis qu'),(642603,324053,543615,231561303,'2021-06-11 14:12:44','Quis id assumenda es','Cum tenetur nam quis'),(642796,324080,543663,231561408,'2021-09-23 01:31:17','Enim voluptatem aut ','Ipsum qui aut ut por'),(647968,324035,543672,231561351,'2021-01-21 03:44:43','Sed eaque aut eum. H','Blanditiis neque qua'),(651180,324096,543689,231561365,'2021-11-10 22:59:25','Possimus sed veniam ','Mollitia vel illo mo'),(651299,324041,543682,231561489,'2021-03-03 18:31:37','Consectetur eum volu','In architecto archit'),(653556,324099,543697,231561432,'2021-10-02 03:50:47','Quo rerum dolorem is','Eos rerum repellat n'),(653716,324012,543629,231561319,'2021-07-03 13:13:06','Aut repellat sunt to','Asperiores doloremqu'),(653855,324074,543646,231561336,'2021-11-09 02:02:09','Tenetur at quod ab m','Qui ut voluptas labo'),(654249,324049,543697,231561499,'2021-01-05 19:56:26','Maiores qui quis ten','Et quia ipsum est li'),(654304,324041,543682,231561359,'2021-05-05 13:13:09','Id quibusdam rerum r','Nulla odio dolorem p'),(655074,324042,543683,231561360,'2021-08-04 12:50:16','Iusto nihil vel blan','Suscipit enim illo n'),(656037,324094,543685,231561426,'2021-03-14 12:09:20','Necessitatibus exerc','Exercitationem harum'),(657113,324049,543697,231561432,'2021-04-03 08:50:19','Et ut aut suscipit p','Cum quia et iure dol'),(657115,324078,543652,231561467,'2021-07-07 08:52:07','Aut est nesciunt vol','Non minima qui minus'),(657747,324021,543642,231561334,'2021-04-29 17:43:00','Quisquam laborum ali','Ratione voluptatem a'),(661220,324073,543644,231561399,'2021-03-10 15:13:52','Et molestiae quia se','Porro animi dignissi'),(663544,324004,543617,231561306,'2021-01-11 04:16:21','Sed non accusamus ve','Aspernatur dolorum m'),(663751,324029,543654,231561468,'2021-04-29 05:00:01','Aliquam adipisci cup','Alias consectetur at'),(664733,324086,543675,231561353,'2021-10-03 00:59:17','Corrupti occaecati c','Ea qui vel autem sin'),(664852,324058,543622,231561445,'2021-08-28 10:54:30','Animi animi sapiente','Sed non et ex. Aut a'),(665397,324039,543680,231561357,'2021-01-02 15:11:34','Quas et ut sit provi','Eos aliquam quod ut '),(665699,324071,543641,231561331,'2021-08-30 07:01:40','Sint saepe possimus ','Aperiam molestiae ve'),(665933,324017,543635,231561327,'2021-04-12 01:01:54','Qui ea pariatur dese','Ex cumque eum ut est'),(666526,324071,543641,231561397,'2021-06-19 09:22:13','Omnis aliquid quia p','Consequatur laborum '),(666996,324003,543616,231561378,'2021-08-24 04:40:46','Impedit accusamus eo','Tempora occaecati do'),(667702,324001,543613,231561374,'2021-09-08 06:35:11','Ullam non qui aperia','Est natus et odit do'),(671872,324038,543677,231561484,'2021-04-18 09:37:41','Dolorem corporis qua','Nisi ut consequatur '),(672628,324098,543694,231561430,'2021-02-28 14:12:50','Atque dignissimos do','Quam ipsam deserunt '),(674071,324048,543694,231561367,'2020-12-18 16:12:19','Error est ex natus q','Vel quasi necessitat'),(678194,324076,543650,231561338,'2021-08-11 02:10:31','Rerum molestiae dolo','Repellendus est face'),(678541,324068,543635,231561327,'2021-08-25 02:44:34','Aut occaecati volupt','Qui excepturi enim v'),(678790,324008,543623,231561311,'2021-06-16 03:03:29','Et et corrupti dolor','Dolor quia consectet'),(680466,324022,543644,231561462,'2021-01-26 05:24:00','Mollitia accusamus d','Cupiditate quo in su'),(682247,324069,543639,231561458,'2020-12-19 04:32:10','Asperiores et porro ','Itaque iusto consequ'),(683324,324015,543633,231561454,'2020-12-23 23:25:39','Ipsam et temporibus ','Ea quasi vitae maior'),(683749,324023,543646,231561463,'2021-02-12 00:49:53','Neque eos occaecati ','Sunt eum nisi enim s'),(684319,324070,543640,231561330,'2021-05-19 23:47:52','Deleniti perferendis','Quo aut sit impedit '),(685129,324029,543654,231561407,'2021-09-11 11:54:25','Corrupti totam labor','Recusandae doloremqu'),(685703,324028,543652,231561467,'2021-01-15 10:51:22','Tempore dicta ipsam ','Nulla nesciunt ipsum'),(686271,324070,543640,231561459,'2021-01-21 10:35:07','Et aut quas neque do','Aliquid sed repudian'),(686520,324047,543692,231561497,'2021-10-13 03:14:36','Vel assumenda iste l','Odit quod quisquam n'),(686668,324061,543625,231561313,'2021-03-07 16:26:09','Ducimus hic quasi di','Laboriosam officia q'),(687175,324096,543689,231561428,'2021-01-02 05:44:27','Quis ut qui et sequi','Aperiam recusandae r'),(688009,324085,543672,231561351,'2021-06-06 21:49:07','Deserunt aut illum c','Necessitatibus natus'),(688052,324033,543670,231561474,'2021-09-13 13:25:07','Officiis dolorem dis','Tempora praesentium '),(690862,324050,543699,231561370,'2021-06-15 23:01:13','Voluptatum corporis ','Quibusdam et quaerat'),(692237,324087,543676,231561418,'2021-07-06 04:17:43','Et natus dolorum sed','Enim dolor iste sed '),(692431,324055,543617,231561306,'2021-01-25 02:09:54','Tempora est modi eum','Cupiditate numquam e'),(693640,324024,543648,231561337,'2021-01-12 18:46:00','Dolorem voluptatem e','Odit sequi facere fu'),(694542,324091,543682,231561422,'2021-06-18 10:12:50','Eaque magnam est qua','Libero veniam ut a r'),(695305,324100,543699,231561433,'2021-08-01 14:24:47','Eos hic voluptatem m','Ea sunt consequatur '),(696274,324026,543651,231561466,'2021-06-12 22:17:50','Voluptatem voluptatu','Architecto ut volupt'),(697534,324015,543633,231561323,'2021-06-11 10:05:44','Enim veritatis bland','Voluptatem laborum c'),(697730,324012,543629,231561451,'2021-09-20 11:19:56','Quasi neque enim ali','Et eos porro laudant'),(702632,324056,543619,231561381,'2021-03-25 14:24:06','Praesentium quia dol','Dignissimos aspernat'),(704645,324052,543613,231561299,'2021-04-19 03:20:39','Voluptas sit exercit','Harum sunt autem ali'),(707138,324004,543617,231561438,'2021-05-28 04:53:00','Inventore quidem cup','Voluptatem et except'),(707289,324024,543648,231561402,'2021-05-24 17:49:21','Et modi at quia amet','Aut ea et in minima '),(707636,324065,543632,231561391,'2021-05-23 20:38:02','Facilis ea consequat','Neque quo ipsam omni'),(709120,324056,543619,231561308,'2021-05-23 07:52:18','Quidem totam repelle','Eos magni quibusdam '),(709512,324067,543634,231561393,'2021-06-05 14:31:02','At ut deleniti omnis','Voluptatum provident'),(709988,324013,543631,231561452,'2021-04-10 13:41:06','Odit sit velit esse ','Hic cumque qui qui n'),(710853,324075,543648,231561337,'2020-12-23 12:08:30','Error ratione a sit ','A autem fuga eligend'),(712235,324044,543685,231561426,'2021-09-06 14:03:39','Rerum iusto et aperi','Reiciendis ut ex dol'),(712927,324005,543619,231561441,'2021-03-10 08:49:14','Nihil quas animi fug','Adipisci commodi a q'),(713137,324042,543683,231561360,'2021-08-24 20:21:21','Ut aperiam maxime vo','Reprehenderit necess'),(713662,324043,543684,231561491,'2021-10-23 17:32:43','Atque perspiciatis f','Odio nesciunt asperi'),(714331,324011,543627,231561315,'2021-10-07 12:54:17','Eos ipsum aspernatur','A sed harum voluptat'),(716127,324033,543670,231561349,'2020-12-12 12:34:58','Voluptatem architect','Vel molestiae volupt'),(716823,324011,543627,231561450,'2020-12-05 07:18:58','Qui dicta in aut lib','Ipsum ipsum saepe no'),(718449,324079,543654,231561407,'2021-01-11 21:22:49','Molestias deserunt c','Maxime et voluptatem'),(721979,324002,543615,231561303,'2021-08-22 01:38:58','Enim assumenda autem','Consequatur recusand'),(722104,324096,543689,231561365,'2021-01-08 07:25:06','Placeat laboriosam l','Reprehenderit ipsum '),(723494,324082,543669,231561410,'2021-08-05 15:47:26','Officia tempora nihi','Quidem a enim et nem'),(724108,324097,543692,231561497,'2021-07-26 02:08:04','Itaque maxime distin','Ut quis reprehenderi'),(725957,324090,543681,231561358,'2021-06-05 21:08:24','Delectus est et enim','Ea deleniti commodi '),(726450,324035,543672,231561477,'2020-12-09 05:55:46','Labore neque magni i','Totam optio est qui '),(728901,324090,543681,231561421,'2021-01-31 17:02:33','Velit sequi amet ius','Nam aut quaerat volu'),(729632,324075,543648,231561337,'2020-12-12 08:55:43','Reiciendis labore an','Maxime aut ratione e'),(729837,324078,543652,231561341,'2020-12-04 02:20:47','Quidem dicta volupta','Dolores rem sit dict'),(731891,324000,543612,231561298,'2021-07-10 00:44:32','Consequatur consequa','Explicabo aut dolore'),(732691,324033,543670,231561474,'2021-07-26 16:52:08','Quod voluptas distin','Provident non volupt'),(733549,324044,543685,231561363,'2021-04-29 12:35:16','Et a voluptates volu','Nemo et velit nesciu'),(733659,324068,543635,231561456,'2021-09-16 16:29:00','Exercitationem excep','Voluptate laborum ve'),(734015,324019,543640,231561459,'2021-03-12 16:23:21','Totam voluptas et in','Non molestiae aperia'),(734597,324070,543640,231561396,'2021-05-23 05:13:56','Cum placeat architec','Hic sunt nesciunt ul'),(737638,324035,543672,231561351,'2021-06-13 07:28:13','Quasi vero facilis o','Neque non odio place'),(740621,324087,543676,231561418,'2021-01-25 07:00:02','Asperiores maxime do','Ipsam suscipit dolor'),(741126,324068,543635,231561327,'2021-04-04 21:54:35','Quis laborum et est ','Reprehenderit quis e'),(742406,324079,543654,231561468,'2021-03-31 07:42:22','A nihil nihil possim','Sed asperiores ut su'),(748960,324046,543689,231561428,'2021-05-22 09:06:31','Nulla pariatur sit m','Architecto maxime su'),(749004,324058,543622,231561383,'2021-01-31 17:41:51','Et neque aut ut reic','Error voluptatibus d'),(753437,324025,543650,231561465,'2021-06-17 17:58:15','Fuga nemo aut quisqu','Assumenda tenetur no'),(754558,324090,543681,231561421,'2021-07-19 11:16:35','Culpa iure at conseq','Alias vel quia non a'),(754559,324024,543648,231561464,'2021-03-02 12:44:02','Ipsum quia iste offi','Voluptas odio dolor '),(756270,324035,543672,231561413,'2021-01-07 06:58:44','Expedita tempora in ','Qui est ut fuga anim'),(758388,324050,543699,231561370,'2021-07-02 06:58:34','Sunt ea totam iusto ','Dolore accusantium p'),(759131,324100,543699,231561500,'2020-12-10 08:40:48','Neque aut maxime lib','Sint earum et quas e'),(763391,324097,543692,231561366,'2021-04-19 05:49:52','Impedit dignissimos ','Delectus tenetur aut'),(763451,324038,543677,231561419,'2021-02-11 12:48:46','Quod est et consequa','Harum necessitatibus'),(764594,324069,543639,231561395,'2021-02-08 16:24:10','Velit quod sit repud','Aut itaque corporis '),(764761,324072,543642,231561334,'2021-03-30 17:14:28','Veritatis ut maxime ','Delectus pariatur no'),(764949,324058,543622,231561310,'2021-10-06 13:17:46','Iusto est tempora nu','Consequatur cupidita'),(765184,324031,543667,231561471,'2021-09-13 11:49:59','Ullam adipisci qui s','Odit omnis minus dol'),(767068,324057,543621,231561309,'2021-09-20 16:13:52','Debitis delectus tem','Molestias blanditiis'),(767658,324024,543648,231561337,'2021-10-11 16:35:15','Quaerat unde repelle','Magnam aut autem ver'),(767842,324051,543612,231561434,'2021-10-11 18:24:07','Voluptates voluptate','Laborum dolor et nis'),(771916,324003,543616,231561305,'2020-12-30 00:43:27','Ipsum nulla sint asp','Et autem qui consequ'),(772463,324047,543692,231561429,'2021-04-12 06:21:35','Animi sit ad eaque r','Iure est dolor adipi'),(772537,324025,543650,231561403,'2021-05-31 13:31:58','Qui quia sed itaque ','Cumque ea quo commod'),(775415,324099,543697,231561369,'2020-11-18 21:53:28','Doloribus ipsam est ','Eaque possimus rerum'),(777095,324090,543681,231561486,'2021-09-04 04:57:44','Quasi fugit molestia','Aut sapiente ullam u'),(778054,324054,543616,231561305,'2021-08-10 05:20:49','Pariatur vel blandit','Quis est aut ex qui.'),(779487,324076,543650,231561403,'2020-12-25 03:32:08','Ab ut perferendis it','Veritatis temporibus'),(780078,324092,543683,231561423,'2021-04-25 14:23:00','Rerum nemo ducimus c','Nobis quia inventore'),(782648,324049,543697,231561369,'2020-12-26 11:19:39','Aut sint laboriosam ','Aliquid non voluptat'),(783709,324053,543615,231561377,'2020-12-14 03:31:50','Velit ea voluptatem ','Et minus ipsam conse'),(783880,324066,543633,231561454,'2021-08-20 05:52:47','Est et ut cupiditate','Aut iusto iure id qu'),(785186,324060,543624,231561385,'2021-09-26 01:03:33','Ipsa sed temporibus ','Sit doloremque itaqu'),(785399,324001,543613,231561299,'2021-11-17 05:40:53','Quaerat rerum deseru','Magni itaque eos ani'),(785519,324055,543617,231561380,'2021-11-05 22:36:47','Ut rerum cupiditate ','Asperiores ratione t'),(786244,324007,543622,231561445,'2021-06-26 13:56:21','Nihil voluptatem lab','Quasi voluptatum sed'),(789664,324019,543640,231561459,'2021-01-25 02:03:06','Amet veritatis moles','Velit dolores et ips'),(789775,324041,543682,231561489,'2021-11-06 03:06:47','Qui accusantium vel ','Aut recusandae fuga '),(790817,324052,543613,231561299,'2021-06-02 00:51:48','Labore dolores est u','Velit placeat magni '),(791241,324038,543677,231561484,'2021-11-09 12:44:31','Et mollitia ut nemo ','Sed atque vero magna'),(793581,324016,543634,231561326,'2021-09-11 13:36:41','Molestias ipsa velit','Dolorum dicta volupt'),(794531,324043,543684,231561491,'2021-10-14 06:50:27','Quidem nisi quia aut','Natus ipsum laborum '),(794812,324052,543613,231561374,'2021-11-18 00:46:42','Quo dolore a amet su','Delectus vero incidu'),(794920,324015,543633,231561454,'2021-05-18 15:16:05','Nobis a et deserunt.','Nostrum dolores aspe'),(796154,324010,543625,231561449,'2021-05-07 18:25:06','Et nisi nobis qui is','Dolor qui sint quia '),(796895,324098,543694,231561498,'2021-02-10 12:56:10','Iste veritatis incid','Sint sit est qui nam'),(798112,324075,543648,231561402,'2021-07-08 03:05:44','Sed quo iste enim at','Qui cum quo quam non'),(800938,324031,543667,231561471,'2021-09-20 14:13:41','Repellat rerum ad re','Assumenda iure sed a'),(800959,324010,543625,231561313,'2021-08-13 00:44:02','Sint est fugit praes','Perspiciatis rerum i'),(801492,324043,543684,231561362,'2021-03-18 22:09:14','Omnis dolor consequa','Minima cupiditate as'),(804953,324054,543616,231561378,'2021-04-03 14:24:50','Dolores similique ra','Necessitatibus qui s'),(806247,324064,543631,231561452,'2020-12-15 19:06:14','Sint sunt incidunt a','Voluptas error excep'),(806282,324086,543675,231561417,'2021-10-08 15:48:59','Saepe omnis quo labo','Autem nihil voluptat'),(807918,324055,543617,231561438,'2020-12-01 03:01:03','Quibusdam dicta volu','Voluptatem et volupt'),(808570,324042,543683,231561423,'2021-11-08 00:57:29','Veniam aut ducimus e','Voluptatibus maiores'),(812012,324018,543639,231561328,'2021-02-28 18:14:11','Eum vitae sit sequi ','Facere suscipit eos '),(812557,324089,543680,231561420,'2020-11-23 15:46:08','Qui ea id itaque rec','Saepe beatae modi su'),(815059,324000,543612,231561298,'2021-02-10 09:26:04','Saepe vel voluptas d','In atque veritatis r'),(815070,324044,543685,231561493,'2021-09-20 18:16:12','Voluptatem enim magn','Et qui voluptatem ut'),(816398,324019,543640,231561330,'2021-10-05 17:54:19','Assumenda at tempora','Esse est assumenda b'),(816581,324077,543651,231561466,'2020-12-07 04:59:41','Dolores dolores sit ','Enim ducimus quis eu'),(818616,324100,543699,231561370,'2021-06-07 11:30:16','Veritatis sunt nihil','Molestiae ipsum est '),(819262,324005,543619,231561308,'2021-09-27 06:51:33','Hic consequuntur non','Quibusdam aut et dol'),(821343,324034,543671,231561350,'2021-11-02 06:37:11','Molestiae ut similiq','Quia eaque nostrum u'),(821837,324002,543615,231561436,'2021-04-29 18:44:54','A accusamus voluptat','Sed repudiandae ea e'),(822975,324041,543682,231561359,'2021-01-28 18:06:15','Blanditiis eum volup','Mollitia maiores in '),(823014,324094,543685,231561363,'2021-10-28 08:47:45','Nihil ab est amet po','Iusto placeat ipsa c'),(825237,324022,543644,231561462,'2021-06-29 21:34:01','Quaerat officia dolo','Enim consequatur rer'),(825862,324066,543633,231561392,'2021-07-31 17:20:30','Quis aliquam ut repu','Expedita id illo inc'),(830684,324014,543632,231561453,'2021-09-04 06:20:29','Rerum sed recusandae','Et sed soluta accusa'),(832782,324006,543621,231561382,'2021-11-06 03:52:21','Eos voluptatem volup','Impedit animi dignis'),(833402,324011,543627,231561388,'2021-09-04 03:17:35','Quia quibusdam odio ','Dolorem facere atque'),(837345,324082,543669,231561472,'2021-10-05 01:37:48','Impedit fugit odio e','Suscipit veritatis u'),(837692,324092,543683,231561360,'2021-05-29 10:59:31','Ut animi veritatis c','Saepe nihil id totam'),(838687,324068,543635,231561394,'2020-12-28 14:15:28','Et itaque sunt aperi','Officiis vero omnis '),(843290,324045,543686,231561364,'2020-11-19 12:04:31','Nesciunt explicabo s','Quam perspiciatis si'),(844079,324052,543613,231561374,'2021-04-08 21:52:44','Quis numquam ullam q','Laudantium soluta su'),(844126,324040,543681,231561486,'2021-10-18 22:36:44','Reiciendis est est r','Commodi sit officia '),(846416,324010,543625,231561313,'2020-12-21 16:05:44','Quaerat eius nemo ha','Quia soluta aut maxi'),(848616,324073,543644,231561399,'2021-09-09 19:20:43','Assumenda nulla labo','Dolorem et facere ha'),(850074,324034,543671,231561475,'2021-03-24 05:58:31','Sit necessitatibus o','Aliquid sit quas por'),(851551,324003,543616,231561437,'2021-10-15 03:52:17','Fugiat rerum velit a','Dolore recusandae vo'),(851744,324099,543697,231561499,'2021-03-15 04:54:19','Et commodi libero qu','Sed ipsa tempore aut'),(853915,324086,543675,231561353,'2021-05-06 01:17:02','Perferendis quibusda','Aut odio non aliquid'),(855101,324063,543629,231561319,'2021-09-14 20:56:31','Iusto architecto qui','Molestiae perferendi'),(855934,324040,543681,231561486,'2021-06-04 04:21:01','Dolorem laborum enim','Et debitis dolor per'),(857650,324071,543641,231561460,'2021-06-26 05:00:58','Et occaecati ex cons','Voluptas sapiente ul'),(857758,324084,543671,231561350,'2020-11-24 15:48:43','Esse molestiae quisq','Hic rerum nostrum ha'),(858253,324034,543671,231561475,'2021-06-22 16:08:10','Ratione ad maiores c','Inventore harum offi'),(859183,324043,543684,231561425,'2021-07-30 10:11:16','Voluptas eveniet aut','Sit pariatur quidem '),(859220,324085,543672,231561413,'2021-02-17 16:38:12','Suscipit quos numqua','Eius amet nostrum si'),(861471,324028,543652,231561406,'2021-04-03 09:49:55','Amet non neque elige','Ut aspernatur unde n'),(863046,324069,543639,231561328,'2021-07-20 23:09:52','Occaecati porro qui ','Eum aliquid aut enim'),(863612,324008,543623,231561384,'2021-05-05 19:44:10','Possimus corporis pr','Accusantium quia con'),(863635,324039,543680,231561357,'2021-11-15 22:56:11','Facere adipisci eum ','Asperiores quam ut i'),(864981,324020,543641,231561460,'2021-04-20 06:40:48','Labore dignissimos i','Inventore quibusdam '),(866181,324046,543689,231561365,'2021-03-13 05:48:41','Qui sint enim maiore','Iure enim et et nisi'),(867463,324093,543684,231561425,'2021-07-13 04:21:22','Dolor sint perferend','Assumenda possimus e'),(868933,324036,543675,231561417,'2020-12-20 03:27:26','Dolor quas non simil','Laborum aliquam assu'),(868962,324077,543651,231561339,'2021-02-04 08:39:19','Et rerum quidem fugi','Quam labore fugiat c'),(871460,324014,543632,231561391,'2020-12-16 01:05:16','Quia nemo fugiat ips','Ex adipisci temporib'),(871722,324070,543640,231561396,'2021-05-05 20:05:49','Ex reprehenderit non','Dicta in dolore dolo'),(872992,324057,543621,231561309,'2021-02-25 05:07:23','Qui iusto recusandae','Iusto veritatis prae'),(873896,324065,543632,231561321,'2020-11-28 00:27:27','Dicta consequuntur c','Aut nihil voluptas o'),(874228,324080,543663,231561343,'2021-04-14 10:33:40','Officiis quos volupt','Sed itaque consequun'),(875800,324047,543692,231561366,'2020-12-22 08:06:01','Sed non rerum necess','Nihil non earum libe'),(876306,324018,543639,231561395,'2021-08-28 07:45:07','Natus velit eius qua','Earum voluptas simil'),(876375,324015,543633,231561323,'2021-02-18 23:20:50','Quibusdam consequatu','Corrupti omnis exped'),(877806,324028,543652,231561341,'2021-01-18 18:30:06','Aut velit optio nihi','Odit perspiciatis vo'),(880839,324005,543619,231561381,'2021-02-18 00:31:14','Molestiae minima vol','Voluptatem et blandi'),(882130,324073,543644,231561335,'2021-10-29 20:31:25','Iste consequatur sin','Aut sit perferendis '),(883430,324025,543650,231561465,'2021-07-22 10:40:55','Voluptatem iste sed ','Voluptates omnis ips'),(884670,324079,543654,231561407,'2021-01-14 11:16:31','Alias nihil doloribu','Autem ut magni molli'),(886678,324033,543670,231561411,'2021-03-09 13:07:45','Minus dolores aliqua','Animi quasi quia ut '),(887935,324025,543650,231561338,'2021-07-09 21:45:34','Pariatur quod ut ut ','Eum corporis dicta a'),(889939,324032,543669,231561410,'2020-12-01 11:46:53','Occaecati quas et de','Aut eveniet ex et po'),(893334,324045,543686,231561495,'2021-03-28 09:37:38','Eos sint et eius rer','Minima eligendi magn'),(894503,324046,543689,231561496,'2021-05-20 17:32:19','Et necessitatibus id','Asperiores placeat r'),(894634,324010,543625,231561449,'2021-03-06 00:59:55','Fuga aut tempora dol','Numquam dolorum repu'),(896585,324063,543629,231561389,'2021-04-18 17:02:12','Consequatur qui volu','Doloribus id in eaqu'),(899733,324062,543627,231561388,'2021-09-03 18:39:01','Sunt delectus suscip','Quia exercitationem '),(900164,324083,543670,231561349,'2021-05-18 22:56:59','Occaecati ut officii','Et et itaque odio mi'),(900583,324075,543648,231561464,'2021-10-21 18:16:59','Et exercitationem vo','Id odio illum sunt t'),(900949,324062,543627,231561450,'2021-03-17 08:25:36','Qui quia aspernatur ','Dignissimos aut sed '),(902078,324100,543699,231561433,'2021-10-11 05:10:47','Assumenda voluptatem','Nobis est dicta quis'),(902932,324053,543615,231561303,'2021-03-02 01:01:12','Soluta maxime ut min','Quas quo ipsa sapien'),(903112,324092,543683,231561490,'2021-03-29 14:16:32','Consequatur ea offic','Eum error nisi conse'),(904409,324001,543613,231561435,'2021-01-29 22:13:01','Accusantium ipsam ma','Magni et sit sapient'),(904936,324073,543644,231561335,'2021-09-27 06:31:55','Reprehenderit sit fu','Omnis aut illum sint'),(908201,324016,543634,231561326,'2021-04-26 17:04:00','Porro quas consectet','Qui qui doloribus qu'),(909459,324002,543615,231561436,'2021-06-11 03:05:17','Illo quia alias ut q','Aut et consectetur a'),(909982,324041,543682,231561422,'2021-10-12 21:45:10','Tempore consequatur ','Fugiat fugiat conseq'),(910619,324067,543634,231561393,'2020-12-30 16:35:43','Voluptatibus quo eos','Earum a quis volupta'),(912047,324000,543612,231561372,'2021-03-29 14:09:40','Officiis velit ut ni','Et asperiores volupt'),(912440,324060,543624,231561312,'2021-10-11 23:49:05','Corrupti quaerat non','Modi qui sapiente ne'),(913026,324083,543670,231561411,'2021-04-14 23:25:47','Velit voluptas ab et','Quis aut in pariatur'),(913493,324030,543663,231561343,'2021-06-13 04:08:27','Fugiat voluptatibus ','Unde consequuntur un'),(914781,324054,543616,231561437,'2021-04-14 20:21:53','Necessitatibus fugit','Provident laborum en'),(915795,324004,543617,231561380,'2020-12-26 03:40:37','Et eligendi dicta in','Veniam quia laborum '),(917818,324090,543681,231561358,'2020-12-21 23:37:30','Nisi rerum consectet','Dolor optio consequa'),(918106,324042,543683,231561490,'2021-01-03 04:49:06','Dignissimos voluptat','Sint unde eligendi a'),(918353,324023,543646,231561336,'2020-11-24 03:35:51','Fugit magni assumend','Quas reiciendis mole'),(920867,324045,543686,231561364,'2021-10-09 01:04:36','Quod magni tempore e','Est officia autem re'),(922490,324003,543616,231561305,'2021-05-22 18:27:50','Nobis omnis magni vo','Animi hic nemo accus'),(924833,324072,543642,231561398,'2021-05-11 13:17:36','Id alias corrupti mo','Odit eum est ex id i'),(925310,324034,543671,231561350,'2021-05-07 03:36:14','Quod velit et evenie','Et laborum neque vol'),(931391,324047,543692,231561497,'2021-10-15 03:58:57','Quo est nulla incidu','Dolor eaque facere p'),(931638,324074,543646,231561463,'2021-10-29 21:41:51','At saepe dicta sint ','Excepturi tempore ip'),(932410,324088,543677,231561484,'2021-09-03 08:37:45','Nihil esse unde solu','Quisquam et nesciunt'),(933497,324065,543632,231561321,'2021-02-14 12:12:00','Magni autem consequa','Eum rem alias omnis '),(933992,324074,543646,231561401,'2021-06-01 19:59:17','Nisi a aut quas inci','Et omnis dolore aper'),(934452,324050,543699,231561433,'2021-07-17 21:05:00','Consequatur facere u','Voluptas blanditiis '),(934495,324081,543667,231561347,'2021-04-23 08:48:56','Temporibus libero qu','Ex quidem animi natu'),(936999,324085,543672,231561351,'2021-03-01 09:58:48','Ipsum at illo occaec','Delectus sunt nulla '),(943050,324017,543635,231561327,'2021-11-16 03:13:23','Expedita enim sit re','Sed laborum quasi au'),(943610,324001,543613,231561299,'2021-04-11 11:32:52','Nostrum ad corporis ','Quia itaque et sed. '),(948952,324046,543689,231561365,'2021-08-09 01:13:22','Incidunt dolores nih','Tenetur illum illum '),(949482,324025,543650,231561338,'2021-05-01 10:24:22','Officiis qui et illu','Sint ex omnis eius a'),(950570,324051,543612,231561298,'2021-01-18 15:09:56','Accusamus iure tempo','Qui tempore esse ape'),(954228,324088,543677,231561356,'2021-04-05 22:06:13','Facilis animi rerum ','Ut id est officia se'),(955823,324095,543686,231561427,'2021-04-17 18:31:06','A perferendis enim e','Expedita quam ipsum '),(956461,324008,543623,231561311,'2021-05-11 03:57:55','Sequi quam ipsum odi','Quod veniam ut labor'),(958021,324082,543669,231561410,'2021-10-28 20:57:45','Hic distinctio excep','Aspernatur officiis '),(958312,324040,543681,231561358,'2021-08-04 21:03:53','Qui perferendis nesc','Ullam ullam molestia'),(958734,324037,543676,231561483,'2021-08-23 23:52:31','Odit dignissimos rep','Eveniet qui qui quia'),(959003,324089,543680,231561357,'2021-07-19 15:53:03','Hic iste eos vitae l','Eum architecto nihil'),(959197,324050,543699,231561500,'2021-03-21 22:09:44','Adipisci sed tenetur','Qui ex animi consequ'),(959615,324057,543621,231561382,'2021-08-11 01:55:53','Quidem rem consequat','Repellendus cum libe'),(959640,324062,543627,231561315,'2021-08-11 22:29:00','Temporibus sequi ab ','Qui saepe accusamus '),(961948,324013,543631,231561320,'2021-07-10 02:07:00','Ex numquam est quia ','Labore quibusdam fug'),(962630,324014,543632,231561321,'2021-05-20 15:59:20','Aut sunt minus et no','Vero mollitia placea'),(962987,324007,543622,231561383,'2021-01-09 22:13:53','Voluptatem illo cum ','Et distinctio eligen'),(963558,324026,543651,231561466,'2021-03-20 00:38:31','Molestiae molestiae ','Fugit qui eaque sit '),(963562,324012,543629,231561319,'2021-01-02 06:30:45','Aut odit voluptas qu','Nobis eum porro vita'),(964505,324031,543667,231561347,'2021-05-17 00:43:30','Veritatis sit blandi','Est incidunt dolorem'),(964868,324055,543617,231561306,'2021-06-04 18:14:58','Asperiores voluptate','Enim repellat iure n'),(965376,324080,543663,231561469,'2021-06-20 21:41:59','Et incidunt dolor ve','Non rem aut ut ratio'),(965482,324078,543652,231561341,'2021-03-28 13:11:03','Nam occaecati doloru','Beatae atque omnis a'),(966313,324023,543646,231561463,'2021-04-27 16:36:53','Qui fugiat et et fug','Dolores et nisi odit'),(966871,324026,543651,231561339,'2021-07-12 08:46:11','Voluptate laudantium','Voluptatum error cor'),(967890,324096,543689,231561428,'2021-02-05 17:06:32','Consequatur vero aut','Aliquam est harum es'),(971425,324083,543670,231561349,'2021-06-15 14:30:24','Accusamus hic assume','Sint ullam delectus '),(972081,324038,543677,231561356,'2021-07-05 19:50:20','Nobis consequuntur s','Quas quo omnis illo '),(973230,324039,543680,231561420,'2021-03-09 09:26:17','Consectetur exercita','Nostrum est ut asper'),(974084,324045,543686,231561495,'2021-08-10 11:50:32','Laudantium repellat ','Velit ut ea labore q'),(974379,324011,543627,231561450,'2021-02-03 07:32:22','Magni magni aut sit ','Ea suscipit expedita'),(977223,324037,543676,231561355,'2021-09-08 20:20:31','Et sit natus consect','Sed quaerat distinct'),(978569,324079,543654,231561342,'2020-11-26 01:46:24','Quos dolores delenit','Amet sed labore anim'),(981421,324092,543683,231561423,'2020-12-13 00:37:36','Repellendus maiores ','Quo corporis nostrum'),(982188,324089,543680,231561485,'2021-06-05 08:10:39','Enim ad laborum eos ','Magni enim praesenti'),(984487,324056,543619,231561308,'2021-08-30 16:37:12','Beatae et saepe quid','Repellat qui nam asp'),(984873,324072,543642,231561461,'2021-11-10 01:08:49','Quia aut pariatur vo','Sapiente sapiente pa'),(985466,324052,543613,231561435,'2021-06-16 19:43:30','Nemo perferendis ist','Architecto libero vo'),(985544,324029,543654,231561468,'2021-03-09 08:41:16','Et reprehenderit vol','Ratione nobis enim m'),(987424,324088,543677,231561419,'2021-04-20 19:38:44','Dignissimos aut fuga','Dolores id nihil num'),(988193,324015,543633,231561392,'2021-07-28 15:27:55','Accusantium nemo ver','Sint explicabo odit '),(988819,324000,543612,231561434,'2021-10-19 23:04:04','Et officiis eos cons','Adipisci vero quis c'),(990203,324096,543689,231561496,'2021-02-23 05:32:22','Adipisci unde aut en','Quasi eligendi et fu'),(991361,324017,543635,231561394,'2021-03-28 01:01:07','Pariatur qui natus c','Iste laudantium expl'),(992586,324071,543641,231561331,'2021-08-05 17:19:48','Temporibus et occaec','Dolores suscipit lau'),(995340,324018,543639,231561458,'2021-02-04 18:07:37','Accusamus vero volup','Quia est aut et. Max'),(998474,324077,543651,231561339,'2021-01-20 12:19:46','Eius est occaecati r','Dolorem et aliquid e');
/*!40000 ALTER TABLE `Patient_Case` ENABLE KEYS */;
UNLOCK TABLES;

--
-- Table structure for table `Shift`
--

DROP TABLE IF EXISTS `Shift`;
/*!40101 SET @saved_cs_client     = @@character_set_client */;
/*!40101 SET character_set_client = utf8 */;
CREATE TABLE `Shift` (
  `shift_id` int(11) NOT NULL,
  `start_at` time NOT NULL,
  `end_at` time NOT NULL,
  PRIMARY KEY (`shift_id`)
) ENGINE=InnoDB DEFAULT CHARSET=utf8mb4 COLLATE=utf8mb4_unicode_ci;
/*!40101 SET character_set_client = @saved_cs_client */;

--
-- Dumping data for table `Shift`
--

LOCK TABLES `Shift` WRITE;
/*!40000 ALTER TABLE `Shift` DISABLE KEYS */;
INSERT INTO `Shift` VALUES (435111,'19:48:24','00:23:44'),(435123,'20:39:17','08:25:50'),(435131,'08:40:22','08:17:37'),(435132,'19:05:48','07:31:15'),(435137,'21:36:45','17:37:35'),(435139,'11:47:12','08:55:10'),(435158,'17:52:52','01:16:18'),(435174,'06:06:37','10:07:29'),(435186,'20:12:11','13:43:31'),(435188,'15:55:23','07:09:38');
/*!40000 ALTER TABLE `Shift` ENABLE KEYS */;
UNLOCK TABLES;

--
-- Table structure for table `Staff`
--

DROP TABLE IF EXISTS `Staff`;
/*!40101 SET @saved_cs_client     = @@character_set_client */;
/*!40101 SET character_set_client = utf8 */;
CREATE TABLE `Staff` (
  `staff_id` bigint(20) NOT NULL,
  PRIMARY KEY (`staff_id`),
  CONSTRAINT `Staff_ibfk_1` FOREIGN KEY (`staff_id`) REFERENCES `Nurse` (`nurse_id`)
) ENGINE=InnoDB DEFAULT CHARSET=utf8mb4 COLLATE=utf8mb4_unicode_ci;
/*!40101 SET character_set_client = @saved_cs_client */;

--
-- Dumping data for table `Staff`
--

LOCK TABLES `Staff` WRITE;
/*!40000 ALTER TABLE `Staff` DISABLE KEYS */;
INSERT INTO `Staff` VALUES (543612),(543613),(543615),(543616),(543617),(543619),(543621),(543622),(543623),(543624),(543625),(543627),(543629),(543631),(543632),(543633),(543634),(543635),(543639),(543640),(543641),(543642),(543644),(543646),(543648),(543650),(543651),(543652),(543654),(543663),(543667),(543669),(543670),(543671),(543672),(543675),(543676),(543677),(543680),(543681),(543682),(543683),(543684),(543685),(543686),(543689),(543692),(543694),(543697),(543699);
/*!40000 ALTER TABLE `Staff` ENABLE KEYS */;
UNLOCK TABLES;

--
-- Table structure for table `Take_Home_Precription`
--

DROP TABLE IF EXISTS `Take_Home_Precription`;
/*!40101 SET @saved_cs_client     = @@character_set_client */;
/*!40101 SET character_set_client = utf8 */;
CREATE TABLE `Take_Home_Precription` (
  `case_id` bigint(20) NOT NULL,
  `medicine_id` bigint(20) DEFAULT NULL,
  `dose` int(11) DEFAULT NULL,
  `note` varchar(20) COLLATE utf8mb4_unicode_ci DEFAULT NULL,
  `guide` varchar(20) COLLATE utf8mb4_unicode_ci DEFAULT NULL,
  PRIMARY KEY (`case_id`),
  KEY `medicine_id` (`medicine_id`),
  CONSTRAINT `Take_Home_Precription_ibfk_1` FOREIGN KEY (`case_id`) REFERENCES `Patient_Case` (`case_id`),
  CONSTRAINT `Take_Home_Precription_ibfk_2` FOREIGN KEY (`medicine_id`) REFERENCES `Medicine` (`medicine_id`)
) ENGINE=InnoDB DEFAULT CHARSET=utf8mb4 COLLATE=utf8mb4_unicode_ci;
/*!40101 SET character_set_client = @saved_cs_client */;

--
-- Dumping data for table `Take_Home_Precription`
--

LOCK TABLES `Take_Home_Precription` WRITE;
/*!40000 ALTER TABLE `Take_Home_Precription` DISABLE KEYS */;
INSERT INTO `Take_Home_Precription` VALUES (413134,85788,2,'Blanditiis vero odit','Eum deserunt animi i'),(413181,85796,4,'Assumenda maiores re','Rerum ea voluptatem '),(413644,85800,1,'Rerum non est tempor','Repudiandae doloremq'),(414233,85828,3,'Mollitia perferendis','Repudiandae et est s'),(414594,85861,2,'Aut velit sed animi ','Voluptatem veritatis'),(414743,85879,1,'Nobis quos sed dolor','Corrupti est aliquid'),(415263,85891,4,'Iusto pariatur quis ','Rerum illo est rerum'),(417290,85914,7,'Necessitatibus volup','Quia dolor ut assume'),(417394,85943,1,'Velit aut nostrum vo','Ipsum sed sit et qui'),(418702,85971,0,'Aperiam autem aliqui','Voluptas sint tempor'),(419515,86006,7,'Repellendus porro ac','Necessitatibus at qu'),(419904,86036,8,'Ut vitae tempore ali','Molestias quaerat ex'),(420109,86053,9,'Ratione accusantium ','Nesciunt est est aut'),(422268,86105,4,'Praesentium blanditi','Eaque itaque consequ'),(422636,86182,1,'Facere consequatur n','Eius eligendi et inc'),(426909,86284,3,'Vero in repudiandae ','Iste unde itaque rer'),(428819,86303,4,'Ea ut eum officia es','Provident qui esse e'),(430015,86399,6,'Enim eos optio volup','Aut doloribus dicta '),(431675,86419,8,'Voluptas quia natus ','Et aliquid distincti'),(434709,86452,0,'Voluptatem ratione u','Eveniet quis et eos '),(434791,86466,3,'Magni rerum necessit','Aut quisquam saepe e'),(435642,86582,8,'Ut ducimus velit adi','Inventore eligendi n'),(436068,86599,9,'Sunt a aliquid unde ','Repudiandae sequi ex'),(436273,86627,3,'Omnis accusamus duci','Aspernatur odit veli'),(437870,86664,5,'Maxime dolor et a la','Similique cum dolore'),(439795,86689,2,'Ipsam perspiciatis e','Est laboriosam expli'),(440050,86695,0,'Nulla quo recusandae','Dolore veritatis pra'),(440331,86737,4,'Ut voluptates conseq','Aut excepturi quidem'),(440571,86796,8,'Ad sit nobis quam si','Necessitatibus est d'),(440858,86797,6,'Non officia neque au','Cum soluta facere vo'),(441062,86817,2,'Ea nostrum neque exp','Dignissimos modi quo'),(444566,86906,1,'Quia voluptas et in ','Quo pariatur ut esse'),(445858,86922,3,'Earum odit ut sint t','Asperiores quis et u'),(449025,87123,5,'Non in et tenetur ut','Aliquam quam volupta'),(450728,87223,3,'Molestiae enim autem','Tempora qui labore m'),(453583,87332,4,'Eius optio laboriosa','Sint dolor voluptas '),(453788,87404,8,'Cupiditate assumenda','Officia dolorem itaq'),(453925,87433,4,'Quidem et et unde do','Vero et in deserunt '),(454410,87465,5,'Minima perferendis c','Iste rerum et aut ex'),(454748,87490,2,'Nihil illum fugiat r','Quis cupiditate cons'),(455465,87566,3,'Non magnam nulla vol','Sed aliquid facere q'),(458234,87601,7,'Consequatur et volup','Repudiandae consequu'),(458962,87632,9,'Earum facilis sed si','Saepe quas quo labor'),(459151,87638,0,'Nulla eligendi repel','Adipisci et architec'),(460342,87685,0,'Delectus eligendi ha','Magnam a qui libero '),(462601,87715,0,'Vitae sint omnis qua','Quo corrupti rerum n'),(467563,87718,6,'Odit quae et autem c','Eius qui nihil tempo'),(468950,87733,9,'Recusandae nulla sit','Minima enim quia qui'),(472424,87736,2,'Repellat corporis ne','Est suscipit illo ve'),(473091,87749,7,'Vero ea rerum iusto ','Consequatur facere a'),(473421,87768,2,'Incidunt tempora qui','Totam velit eum et q'),(474067,87787,1,'Eligendi magni non s','Et minima est dolor.'),(475311,87921,8,'Dolorum rerum fugiat','Porro totam enim vel'),(476579,87930,0,'Nihil voluptatem qua','Iusto quas nobis cum'),(477357,87954,3,'Tempore dicta ea acc','Molestiae aspernatur'),(477616,88109,6,'Odit temporibus dist','Eius aut vero volupt'),(477995,88177,0,'Quidem ipsum aut ess','Et impedit corporis '),(478836,88179,6,'Eum eaque voluptas q','Et corporis non corr'),(479264,88211,1,'Error fuga voluptatu','Est rem commodi fugi'),(479592,88415,8,'Quos autem consectet','At et dolorem animi '),(480002,88433,7,'Ad qui veniam dolor ','Molestiae ullam at r'),(480601,88456,8,'Nobis accusantium id','Eaque qui recusandae'),(480986,88470,2,'Deserunt laborum vel','Minima ut nemo volup'),(482508,88506,1,'Laboriosam quo et et','Fugiat minima a cons'),(482541,88570,8,'Qui nesciunt omnis v','Voluptas voluptate f'),(490749,88579,7,'Velit aut voluptates','Pariatur fuga verita'),(490989,88587,6,'Consequuntur in volu','Illum sapiente sed d'),(491125,88616,0,'Atque molestiae porr','Nobis dolor in accus'),(491633,88647,9,'Placeat deserunt qui','Inventore quae ea as'),(491695,88680,4,'Cupiditate voluptati','Laboriosam repudiand'),(493016,88717,1,'Sunt est voluptas ab','Similique voluptatem'),(493128,88814,3,'Hic non fuga eum exp','Quo omnis mollitia v'),(494256,88864,0,'In quia aut suscipit','Assumenda hic id dol'),(494735,88919,8,'Laudantium alias est','Nihil delectus qui e'),(494945,88943,2,'Commodi quam et nece','Tempora ea praesenti'),(495797,88990,9,'Expedita alias quia ','Distinctio perferend'),(496726,89023,7,'Maiores et quo nemo ','Impedit est ut praes'),(498278,89130,0,'Illum reiciendis nos','Aut unde voluptatibu'),(499477,89132,7,'Minima id sint amet ','Sint molestiae earum'),(502672,89149,9,'Placeat eos itaque a','Et eos ratione et. A'),(502756,89221,9,'Id sed at facilis. M','Rerum minus laudanti'),(502877,89244,2,'Dolore non ut rerum ','Officiis sequi liber'),(503149,89246,2,'Nihil voluptas ut vo','Expedita et consecte'),(503377,89312,3,'Dolor adipisci rerum','Placeat consequatur '),(504147,89315,1,'Quasi deleniti autem','Debitis expedita nes'),(504349,89378,3,'Quia quidem voluptat','Quos numquam nobis e'),(504764,89434,8,'Ut ut dolorem ut har','Qui alias et sed adi'),(505451,89441,5,'Corrupti qui neque d','Vitae voluptatum asp'),(506765,89461,1,'Omnis laudantium vol','Nulla dolore commodi'),(508077,89490,5,'Omnis rerum omnis in','In odit repellendus '),(508214,89495,2,'Aperiam ea eius enim','Et dicta repellat qu'),(508878,89536,7,'Harum nihil aspernat','Facilis consectetur '),(509965,89545,7,'Nihil fuga sit quisq','Aliquam consequatur '),(511733,89630,0,'Omnis eligendi eum v','Cum accusamus laudan'),(513092,89701,0,'Sed reprehenderit qu','Necessitatibus ipsam'),(515529,89874,9,'Quia ipsam quisquam ','Eligendi quasi iure '),(516967,89905,4,'Sed ea nulla quia ac','Aspernatur enim rati'),(517420,89927,3,'Et velit blanditiis ','Non et aut asperiore'),(518992,89960,5,'Repudiandae fugit la','Asperiores nisi poss'),(520669,89999,5,'Voluptate reprehende','Corrupti est quia ut'),(521618,85788,3,'Libero optio quas be','Aperiam est saepe qu'),(525137,85796,4,'Atque mollitia eum i','Fuga distinctio elig'),(525409,85800,3,'Sit cum aut exceptur','Eligendi non accusan'),(527061,85828,9,'Commodi ut nemo nobi','Ex modi necessitatib'),(528530,85861,3,'Modi laboriosam numq','Qui sequi numquam vo'),(531188,85879,6,'Et voluptates dolore','Saepe officia minus '),(532072,85891,0,'Voluptatem culpa fug','Alias at adipisci om'),(535142,85914,4,'Suscipit sed invento','Porro reprehenderit '),(535168,85943,0,'Ut nulla cupiditate ','Non deserunt similiq'),(539098,85971,8,'Accusantium veniam r','Sit veritatis blandi'),(539597,86006,5,'Facere praesentium q','Nam odio enim asperi'),(539620,86036,3,'Cumque voluptatem a ','Officia saepe facili'),(540720,86053,8,'Amet commodi iusto e','Velit ratione sit qu'),(541235,86105,0,'Commodi vero quae in','Asperiores debitis r'),(541520,86182,1,'Quis sunt iure volup','Qui qui impedit volu'),(542374,86284,1,'Laboriosam natus ali','Laborum aut earum ne'),(543018,86303,2,'Numquam et officiis ','Quam natus architect'),(545823,86399,9,'Tenetur laudantium q','Voluptatum sapiente '),(546552,86419,8,'Consequatur mollitia','Et nemo ut dolores a'),(548379,86452,1,'Corrupti dolores rei','Quod sit ut sunt asp'),(548530,86466,6,'Earum adipisci dolor','Natus dolore nobis d'),(549033,86582,4,'Dolorem cumque cupid','Ratione unde quis qu'),(549202,86599,8,'Fugiat est doloribus','Minima mollitia mole'),(552911,86627,7,'Sunt mollitia dolor ','Nihil esse quia temp'),(554902,86664,9,'Ipsa quae sit quia q','Vero exercitationem '),(555449,86689,1,'Nesciunt voluptatem ','Qui occaecati quo au'),(556415,86695,7,'Corrupti quasi velit','Dolore rerum eum ad '),(557814,86737,4,'Et omnis excepturi n','Dolorem et sint cupi'),(557863,86796,7,'Porro eligendi et qu','Molestiae qui volupt'),(557872,86797,9,'Voluptatem sunt sequ','Eum maxime sit minus'),(558185,86817,0,'Rerum blanditiis atq','Reprehenderit simili'),(558248,86906,7,'Est aut quasi volupt','Nisi voluptatum volu'),(558504,86922,6,'Quos dolore rerum om','Repellendus eos quia'),(561150,87123,4,'Eum nemo numquam id ','Harum omnis quia ass'),(561375,87223,2,'Quo ea adipisci quib','Nulla nihil enim et '),(562349,87332,9,'Quo sed iste volupta','Fuga nihil labore re'),(563486,87404,3,'Necessitatibus quia ','Error cupiditate quo'),(564110,87433,6,'Adipisci officiis in','Dolorem est ullam qu'),(564592,87465,7,'Cupiditate autem ex ','Voluptatem possimus '),(566032,87490,2,'Officia voluptatem e','Quod debitis delenit'),(566765,87566,1,'Dolore repudiandae l','Qui commodi quas dol'),(567231,87601,4,'Ut illo labore omnis','Temporibus illum lab'),(567402,87632,1,'Commodi et nulla qui','Dolores natus mollit'),(568896,87638,5,'A iste est numquam q','Perspiciatis eos cup'),(569061,87685,8,'Quia perspiciatis in','Voluptatem aut quo d'),(570445,87715,0,'Est rerum aut est re','Sapiente numquam ten'),(571923,87718,2,'Magnam qui facilis c','Quos consectetur exc'),(572252,87733,4,'Eos quia rerum sapie','Delectus corporis ve'),(572626,87736,4,'Voluptatem placeat i','Et quisquam officiis'),(573211,87749,6,'Sint dignissimos sim','Quia aperiam sint eo'),(574667,87768,8,'Aut non delectus pro','Quis a ut quo quia. '),(576421,87787,9,'Aut quaerat omnis vo','Eos consequuntur et '),(577541,87921,2,'Id aut quo sunt accu','Repellat facere est '),(578931,87930,8,'Natus quos vel nobis','Recusandae cum nisi '),(579781,87954,3,'Ut aut mollitia volu','Amet amet autem id d'),(580140,88109,7,'Et omnis veniam sed ','Voluptas sunt volupt'),(580261,88177,2,'Vitae nihil deserunt','Qui quasi et aut qua'),(580402,88179,4,'Quidem aliquid quia ','Et aut illo est corr'),(580983,88211,9,'Quia minima optio ex','Aut ut non dolor qui'),(581302,88415,3,'Dolorem sunt blandit','Reprehenderit aut se'),(581893,88433,4,'Hic aliquam ut conse','Libero magnam ut nih'),(582837,88456,6,'Nesciunt tenetur ist','Adipisci similique r'),(583566,88470,8,'Facere dolorum labor','Aut animi aut repell'),(584531,88506,9,'Officia qui facere e','Placeat fuga velit a'),(587450,88570,2,'Quod rerum voluptate','Et corrupti architec'),(589939,88579,1,'Voluptatem voluptas ','Dolore nulla omnis i'),(592289,88587,7,'Iste asperiores et d','Repellat commodi fac'),(593457,88616,2,'Placeat sed suscipit','Voluptatem laborum e'),(593902,88647,4,'Quibusdam deleniti a','Facere molestiae et '),(594463,88680,9,'Consequatur repellen','Facere deleniti elig'),(597898,88717,1,'Iusto sit possimus i','Quis repellendus sun'),(598070,88814,2,'Non ratione voluptas','Rem nemo soluta volu'),(598238,88864,9,'Reiciendis culpa fug','Quos in non sit repr'),(598949,88919,3,'Facere inventore dol','Cum corporis volupta'),(599932,88943,4,'Et nihil expedita ad','Ea nisi quasi archit'),(600232,88990,3,'Et dolores voluptati','Reiciendis voluptas '),(601392,89023,1,'Praesentium ex sunt ','Aut libero voluptas '),(601401,89130,3,'Voluptas accusantium','Est unde tempore err'),(601419,89132,4,'Deleniti earum dolor','Et nulla adipisci id'),(604525,89149,4,'Eos nesciunt eius fa','Vel architecto ducim'),(604600,89221,8,'Ut in voluptas quae ','Et autem consequatur'),(605353,89244,6,'Inventore officia vo','Vel asperiores ea re'),(605662,89246,8,'Adipisci maxime ex n','Nesciunt voluptates '),(605877,89312,8,'Magni ut sed repelle','Sunt occaecati id ea'),(605933,89315,8,'Magnam velit debitis','Nihil est quos ab do'),(607942,89378,7,'Dolorem laboriosam m','Voluptatum ab et nob'),(609412,89434,7,'Vel vel sed expedita','Iusto accusantium ip'),(610092,89441,7,'Voluptatem voluptas ','Nisi tempore et magn'),(611186,89461,5,'Quasi sed et similiq','Quaerat id voluptate'),(613045,89490,1,'Sunt placeat dicta s','Eos labore ut volupt'),(615947,89495,6,'Quasi voluptas totam','Aliquid sapiente fug'),(617651,89536,0,'Dolor cumque aut ame','Quia nisi dolorem si'),(618152,89545,6,'Iusto est iure ullam','Ipsum sed voluptatem'),(618612,89630,2,'Unde sit voluptas mo','Aliquid ut qui liber'),(619455,89701,3,'Ipsam est corrupti e','Provident mollitia f'),(621580,89874,8,'Corrupti voluptatem ','Corrupti et beatae s'),(623139,89905,8,'Illum non atque nisi','Est facere asperiore'),(624079,89927,1,'Incidunt vitae nihil','Est nihil aliquam of'),(624559,89960,1,'At vel mollitia dolo','Ratione veritatis do'),(625868,89999,9,'Quis eaque reprehend','Reiciendis et ut vol'),(629387,85788,0,'Et sit numquam qui d','Quasi aut quam volup'),(629604,85796,8,'Assumenda enim simil','Tempore beatae quia '),(629824,85800,6,'Tempore ex quis est ','Facere qui molestias'),(631486,85828,0,'Et dolorem nostrum q','Recusandae velit per'),(634004,85861,3,'Harum voluptatum occ','Nostrum soluta imped'),(634532,85879,1,'Sit aspernatur ut be','Occaecati minima est'),(636288,85891,5,'Pariatur ut molestia','Quod minus qui odit.'),(637889,85914,5,'Eum minus quisquam a','Impedit cumque omnis'),(638528,85943,7,'Voluptatem dolor rer','Maxime totam numquam'),(638614,85971,1,'Expedita facere ut i','Ipsum quaerat id iur'),(640649,86006,3,'Corrupti possimus ac','Enim distinctio faci'),(640694,86036,3,'Eum quasi sequi omni','Aut recusandae volup'),(642603,86053,4,'Sunt eligendi magnam','Aut deleniti sunt ve'),(642796,86105,4,'Iusto explicabo earu','Rerum repellat totam'),(647968,86182,4,'Molestiae magnam cum','Tempora repudiandae '),(651180,86284,9,'Esse corporis tempor','Fuga neque distincti'),(651299,86303,7,'Qui delectus ut dolo','Perferendis modi rep'),(653556,86399,1,'Laboriosam odit amet','Itaque minima volupt'),(653716,86419,9,'Hic ipsum est mollit','Molestias eligendi a'),(653855,86452,6,'Exercitationem enim ','Corrupti porro archi'),(654249,86466,1,'Dicta qui quia odit ','Et facere aut tenetu'),(654304,86582,4,'Repudiandae rerum qu','Culpa quidem sit und'),(655074,86599,4,'Nobis unde sequi quo','Rem magni beatae con'),(656037,86627,4,'Vel autem beatae cum','Laudantium laborum e'),(657113,86664,9,'Ipsam quis vel volup','Ex consequuntur debi'),(657115,86689,1,'Placeat dolores odit','Perferendis in aut l'),(657747,86695,2,'Eos laboriosam nostr','Provident aut labore'),(661220,86737,6,'Atque sunt quos labo','Odit ducimus volupta'),(663544,86796,1,'Ut sint beatae tempo','Voluptas mollitia et'),(663751,86797,9,'Omnis ea consequatur','Aut commodi at nihil'),(664733,86817,6,'Ea optio numquam deb','Doloremque quo quaer'),(664852,86906,3,'Commodi veniam ullam','At quo nobis vel et '),(665397,86922,5,'Excepturi rerum volu','Quis voluptatem aut '),(665699,87123,6,'Distinctio aut volup','Aut consequatur omni'),(665933,87223,1,'Aut repellat quos at','Eos illum ea volupta'),(666526,87332,0,'Cum autem quaerat qu','Fugit aliquam et aut'),(666996,87404,0,'Et doloremque tempor','Pariatur ea atque qu'),(667702,87433,9,'Officia odit praesen','Deleniti assumenda e'),(671872,87465,3,'Natus ea sed fuga et','Rerum officiis velit'),(672628,87490,9,'Perferendis atque no','Qui laborum sint qua'),(674071,87566,8,'Tempore cupiditate n','Rerum ipsum totam iu'),(678194,87601,2,'Atque est at asperio','Explicabo sint volup'),(678541,87632,1,'Non quod rerum aut m','Labore a debitis quo'),(678790,87638,5,'Beatae excepturi cor','Doloremque quia ad n'),(680466,87685,6,'Minima et est nam ad','Non adipisci quis sa'),(682247,87715,4,'Non debitis esse tot','Consequatur perspici'),(683324,87718,4,'Laborum atque repell','Fuga delectus dolor '),(683749,87733,1,'Quia voluptas culpa ','Quidem sed quis et e'),(684319,87736,1,'Perspiciatis sint se','Sit dolorem quod aut'),(685129,87749,3,'Delectus quo vel est','Voluptatem doloribus'),(685703,87768,4,'Nihil quas qui sed f','Quam labore molestia'),(686271,87787,0,'Voluptate consequatu','Nobis rerum hic illu'),(686520,87921,7,'Non quam incidunt qu','Quam aperiam ut sed '),(686668,87930,6,'Ut quas occaecati in','Soluta et ea eum et '),(687175,87954,2,'Qui molestiae volupt','Eos ducimus iste cum'),(688009,88109,1,'Quia deserunt odit p','Praesentium dolor vo'),(688052,88177,3,'Et natus sed laborio','Unde beatae sit est '),(690862,88179,0,'Voluptas earum corpo','Doloribus blanditiis'),(692237,88211,6,'Sunt sed laudantium ','Et illo quas volupta'),(692431,88415,4,'Totam vero dignissim','Nam est veniam iure '),(693640,88433,8,'Autem ducimus tempor','Voluptates natus dig'),(694542,88456,5,'Unde expedita aut re','Esse quia ex consect'),(695305,88470,1,'Quia a dolores enim ','Hic recusandae cupid'),(696274,88506,5,'Deserunt qui saepe e','Maiores id vel tempo'),(697534,88570,4,'Veniam ipsum quo est','Maiores quaerat eum '),(697730,88579,1,'Aperiam veniam illo ','Quod omnis est imped'),(702632,88587,7,'Eum harum et et est ','Dolor ducimus exerci'),(704645,88616,2,'Rerum et quia maiore','Impedit velit volupt'),(707138,88647,8,'Asperiores ut invent','Sit asperiores ea ip'),(707289,88680,4,'Et provident odit er','Quo inventore non ex'),(707636,88717,6,'Voluptatem recusanda','Vero placeat impedit'),(709120,88814,3,'Totam at voluptatum ','Autem repellat eum v'),(709512,88864,6,'Autem at hic reicien','Dolorem hic et sed l'),(709988,88919,2,'Fugit vitae omnis qu','Cumque id officia re'),(710853,88943,5,'Minus dolorem eius n','Corrupti reprehender'),(712235,88990,1,'Porro non minus nemo','Velit ipsa amet solu'),(712927,89023,9,'Dolores perspiciatis','Reiciendis rerum aut'),(713137,89130,8,'Impedit saepe simili','Id omnis qui sequi u'),(713662,89132,6,'Quibusdam non repell','Id aut est dolorem o'),(714331,89149,1,'Sequi repellendus as','Necessitatibus nobis'),(716127,89221,5,'Corrupti error magna','Provident accusamus '),(716823,89244,8,'Beatae harum consequ','Esse sunt quisquam q'),(718449,89246,9,'Assumenda libero eaq','Ut et optio labore r'),(721979,89312,7,'Earum odio dolorem e','Dolorem tenetur pers'),(722104,89315,7,'Ducimus quasi ut dol','Esse laborum rerum v'),(723494,89378,1,'Ipsam iste dignissim','Quo voluptas qui ten'),(724108,89434,7,'Alias aut beatae rep','Voluptatem ut mollit'),(725957,89441,2,'Vel minima blanditii','Suscipit voluptas a '),(726450,89461,9,'Aut expedita maxime ','Velit quos fugiat of'),(728901,89490,2,'Et dolor saepe vero ','Perspiciatis libero '),(729632,89495,1,'Blanditiis rerum per','Ex asperiores ut ver'),(729837,89536,2,'Ut et quia dolores d','Quo recusandae enim '),(731891,89545,0,'Molestiae similique ','Inventore blanditiis'),(732691,89630,6,'Nihil eos repellendu','Aut velit odit qui r'),(733549,89701,1,'Labore doloremque cu','Vero minus rem ut ip'),(733659,89874,2,'Impedit iure sapient','Voluptas sunt in cum'),(734015,89905,4,'Voluptas similique f','Qui omnis incidunt o'),(734597,89927,9,'In ratione quod ut v','Et sed perspiciatis '),(737638,89960,6,'Ut deleniti et offic','Minus est neque simi'),(740621,89999,5,'Soluta velit optio v','Laboriosam consectet'),(741126,85788,2,'Amet eaque labore te','Assumenda libero sim'),(742406,85796,7,'Et ratione quos aliq','Harum quo adipisci i'),(748960,85800,4,'Nulla quaerat cupidi','Iusto cum tempore et'),(749004,85828,0,'Architecto animi ver','Consequatur reprehen'),(753437,85861,7,'Velit nam blanditiis','Ullam delectus unde '),(754558,85879,0,'Nobis est numquam do','Sint in non cum saep'),(754559,85891,1,'Non aut neque et qua','Natus qui quam persp'),(756270,85914,4,'Dolorem ab saepe rem','Deleniti nam volupta'),(758388,85943,6,'Sed dolore minima si','Adipisci velit quam '),(759131,85971,8,'Est ut fugiat corrup','Quo nulla enim qui v'),(763391,86006,1,'Iusto perspiciatis e','Quo est et omnis ad '),(763451,86036,3,'Eum exercitationem a','Expedita aliquid lab'),(764594,86053,0,'Assumenda aut libero','Odit laborum omnis n'),(764761,86105,9,'Aliquam ad maiores r','Neque quis architect'),(764949,86182,8,'Et sunt est blanditi','Ut quas vitae accusa'),(765184,86284,4,'Et perspiciatis magn','At et laborum quae n'),(767068,86303,8,'Ea odio vel animi qu','Ullam et qui harum a'),(767658,86399,2,'Iste molestiae dolor','Eum rerum quidem lab'),(767842,86419,2,'Modi temporibus perf','Perferendis ab quide'),(771916,86452,2,'Consequatur quia max','Dignissimos et amet '),(772463,86466,1,'Consequatur earum si','Ad eius harum ullam '),(772537,86582,0,'Sed suscipit saepe e','Temporibus at dolor '),(775415,86599,4,'Vel impedit illum it','Iste aliquid dolor e'),(777095,86627,1,'Quia vel sunt quae f','Id veritatis dolore '),(778054,86664,8,'Quisquam consectetur','Incidunt praesentium'),(779487,86689,8,'Est quis voluptatibu','Facilis voluptatem o'),(780078,86695,5,'Nihil officia volupt','Qui ut quae doloremq'),(782648,86737,6,'Ex consequuntur dict','Sed et sed velit pla'),(783709,86796,2,'Ut eos debitis fuga ','Quia consequatur aut'),(783880,86797,6,'Tenetur quisquam dic','Non sapiente eaque c'),(785186,86817,7,'Fuga harum nobis ear','Iusto doloremque omn'),(785399,86906,7,'Dolorem ducimus expe','Animi illum neque qu'),(785519,86922,0,'Inventore qui assume','Ut sint commodi volu'),(786244,87123,7,'Dolor et sunt qui co','At illum omnis labor'),(789664,87223,7,'Incidunt quia quod c','Aut non quia volupta'),(789775,87332,3,'Sint voluptatem veli','Tempora sequi aspern'),(790817,87404,9,'Culpa voluptates ut ','Molestias est itaque'),(791241,87433,0,'Ut ex sapiente susci','Voluptatem sequi ven'),(793581,87465,9,'Qui vero quis quam m','Ratione nihil molest'),(794531,87490,1,'Minima accusamus vol','Sequi illum sed labo'),(794812,87566,4,'Cumque aut nesciunt ','Recusandae qui quae '),(794920,87601,1,'Quos nisi quidem aut','Aspernatur voluptas '),(796154,87632,5,'Qui tenetur autem om','Aut repudiandae nam '),(796895,87638,6,'Necessitatibus aut e','Laborum numquam blan'),(798112,87685,5,'Unde enim natus alia','Asperiores consequat'),(800938,87715,3,'Velit corrupti error','Mollitia cumque libe'),(800959,87718,8,'Est non iusto eos na','Et dolore dolor labo'),(801492,87733,5,'Tenetur sed iusto di','Exercitationem id qu'),(804953,87736,6,'Sit aut eius possimu','Explicabo aut tempor'),(806247,87749,4,'Soluta in et omnis e','Excepturi nemo neque'),(806282,87768,5,'Non vitae exercitati','Voluptatem quia et n'),(807918,87787,4,'Adipisci molestias q','Eligendi quaerat vel'),(808570,87921,8,'Ullam aliquid labore','Architecto voluptati'),(812012,87930,1,'Tempora quis numquam','Dolorum est sed quae'),(812557,87954,9,'Non occaecati est a ','Et fugiat ratione ut'),(815059,88109,8,'Quod exercitationem ','Vel ut enim perspici'),(815070,88177,1,'Non excepturi unde a','Autem distinctio vel'),(816398,88179,7,'Facere id reiciendis','Reiciendis libero ve'),(816581,88211,6,'Repudiandae aliquid ','Quis rerum maiores e'),(818616,88415,6,'Aspernatur quibusdam','Quia eveniet quaerat'),(819262,88433,0,'Sed mollitia volupta','Vel unde et perferen'),(821343,88456,4,'Dolor accusantium qu','Eveniet id harum ea '),(821837,88470,4,'Vel qui ut eos atque','Molestiae sapiente d'),(822975,88506,2,'At hic atque impedit','Recusandae vitae et '),(823014,88570,0,'Expedita molestiae q','Esse neque aut volup'),(825237,88579,4,'Quos sed eum dolorum','Quia officia animi e'),(825862,88587,2,'Ut minima fuga conse','Voluptas perferendis'),(830684,88616,4,'Consequatur nostrum ','Vitae aut odit enim '),(832782,88647,0,'Sunt vero est dolore','Iusto reprehenderit '),(833402,88680,6,'Ipsa dolorem facere ','Velit voluptates cul'),(837345,88717,1,'Facere amet exercita','Dolorum commodi aliq'),(837692,88814,3,'Voluptatem animi har','Deleniti dolorum dis'),(838687,88864,8,'Quo laboriosam digni','Dolor perspiciatis e'),(843290,88919,0,'Iste enim laborum ut','Sint odio voluptatem'),(844079,88943,5,'Corporis eaque totam','Dicta minus unde nob'),(844126,88990,1,'Saepe et distinctio ','Culpa rerum autem qu'),(846416,89023,7,'Excepturi id invento','Quod beatae voluptat'),(848616,89130,2,'In molestiae volupta','Quia commodi volupta'),(850074,89132,0,'Dicta nam quae et co','Dolores iure aperiam'),(851551,89149,2,'Neque odit explicabo','Unde porro dolorem m'),(851744,89221,2,'Quidem molestias hic','Velit amet amet volu'),(853915,89244,4,'Aut provident dolori','Corrupti dignissimos'),(855101,89246,4,'Alias quis expedita ','Occaecati repellendu'),(855934,89312,3,'Porro est rerum accu','Vero distinctio qui '),(857650,89315,1,'Distinctio cumque fu','Et eos aut dolorem e'),(857758,89378,1,'Cum quis nisi incidu','Maiores et id culpa '),(858253,89434,2,'Nobis labore labore ','Sequi cumque vero au'),(859183,89441,6,'Officiis adipisci oc','Ea exercitationem as'),(859220,89461,1,'In voluptates atque ','Cum tempora ut offic'),(861471,89490,1,'Fugiat nam delectus ','In sunt deleniti non'),(863046,89495,1,'Corporis enim doloru','Amet eum qui volupta'),(863612,89536,8,'Tenetur eum voluptas','Minima error sapient'),(863635,89545,8,'Harum rerum laborum ','Et consectetur aperi'),(864981,89630,6,'Fuga tempora ut sunt','Maxime et iste fugia'),(866181,89701,2,'Dolore adipisci eos ','Necessitatibus paria'),(867463,89874,7,'Officia itaque vero ','Voluptatem pariatur '),(868933,89905,9,'Et deleniti ad eius.','Nesciunt occaecati r'),(868962,89927,1,'Voluptatem ut magnam','Laboriosam eum rerum'),(871460,89960,9,'Ratione cum delectus','Expedita voluptatem '),(871722,89999,7,'Ut quia voluptatem a','Labore est est tenet'),(872992,85788,8,'Incidunt perspiciati','Aperiam sit laborios'),(873896,85796,8,'Eos ipsa dicta aliqu','Ut deserunt et sit a'),(874228,85800,3,'Harum modi totam opt','Est praesentium et s'),(875800,85828,1,'Sed sint voluptate e','Nemo fuga enim volup'),(876306,85861,2,'Sunt consequatur cul','Ut quia est et amet '),(876375,85879,7,'Temporibus repudiand','Et odio harum sunt v'),(877806,85891,1,'Blanditiis earum in ','Rem ea esse laudanti'),(880839,85914,0,'Repellat qui in labo','Hic vel qui suscipit'),(882130,85943,6,'Dolore voluptates ex','Aut odit aut et quis'),(883430,85971,6,'Fugit repellat quam ','Expedita odio sit et'),(884670,86006,1,'Dolorem perspiciatis','Unde nemo sed repreh'),(886678,86036,5,'Molestiae impedit el','Ipsum voluptas ea en'),(887935,86053,5,'Voluptatum suscipit ','Suscipit autem ea cu'),(889939,86105,1,'Nihil non esse sint ','Est iusto sit ipsam '),(893334,86182,4,'Laudantium necessita','Exercitationem ipsam'),(894503,86284,5,'Molestiae et dolorib','Id nostrum laborum v'),(894634,86303,6,'In inventore iure qu','Maxime illum expedit'),(896585,86399,6,'Corporis earum quo v','Quae natus quod non.'),(899733,86419,0,'Dignissimos assumend','Aut tempore nemo mag'),(900164,86452,4,'Aut quibusdam delect','Facilis sit eaque no'),(900583,86466,5,'Rerum ut nisi amet m','Ea omnis est magnam '),(900949,86582,2,'Id quisquam est pari','A quidem aut enim iu'),(902078,86599,7,'Veniam eos consequat','Omnis et animi verit'),(902932,86627,4,'Necessitatibus quam ','Enim voluptatum labo'),(903112,86664,1,'Quasi eos occaecati ','Qui dolor occaecati '),(904409,86689,8,'Natus dolorem rerum ','Amet aliquam nihil e'),(904936,86695,1,'Et saepe corrupti cu','Qui nulla sit vero u'),(908201,86737,8,'Quibusdam soluta sed','Natus id sit quia na'),(909459,86796,1,'Non omnis et cum occ','Sunt laudantium quis'),(909982,86797,6,'Ut aspernatur magni ','Praesentium inventor'),(910619,86817,0,'Error saepe quas qua','Vero vel consequuntu'),(912047,86906,8,'Qui ea velit maiores','Et aperiam voluptas '),(912440,86922,7,'Dolorum omnis sed et','Aperiam animi est co'),(913026,87123,4,'Vitae eveniet eum ar','Laborum earum repudi'),(913493,87223,2,'Omnis commodi perspi','Incidunt provident e'),(914781,87332,1,'Reiciendis iure quia','Veniam velit iure es'),(915795,87404,2,'Commodi accusamus co','Repellat quasi esse '),(917818,87433,1,'Rerum id earum non m','Ipsam iure asperiore'),(918106,87465,0,'Cum facere aliquam p','Ut inventore ullam a'),(918353,87490,8,'Animi dolorem necess','Modi delectus dolori'),(920867,87566,5,'Deserunt ex sit eum ','Voluptas voluptas ut'),(922490,87601,8,'Modi enim rerum id. ','Quia voluptatem a au'),(924833,87632,0,'Dolor illo omnis vol','Eligendi aperiam per'),(925310,87638,8,'Voluptates aut porro','Dolores nemo et even'),(931391,87685,7,'Consequatur doloribu','Magni modi aperiam o'),(931638,87715,0,'Ut illo consequuntur','Natus molestias corr'),(932410,87718,6,'Magni pariatur quia ','Tenetur quos rerum n'),(933497,87733,1,'Illum saepe dolore u','Ducimus labore maxim'),(933992,87736,8,'Veritatis voluptatem','Quod non autem offic'),(934452,87749,7,'Facilis vitae asperi','Quo est sit fugiat d'),(934495,87768,9,'Delectus tempora eni','Tenetur dolorum reic'),(936999,87787,2,'Aliquid enim sint qu','Asperiores et assume'),(943050,87921,1,'Tempore quos exercit','Libero optio sint es'),(943610,87930,5,'In magni debitis ill','Culpa ea rerum qui c'),(948952,87954,5,'Et qui architecto au','Et debitis nisi eum '),(949482,88109,6,'Saepe explicabo aper','Culpa quo optio offi'),(950570,88177,5,'Quae qui facilis ver','Aliquam suscipit pra'),(954228,88179,1,'Et minima velit sit ','Est accusamus sint e'),(955823,88211,3,'Consequatur qui et e','Voluptatem non assum'),(956461,88415,7,'Quia distinctio porr','Rerum totam commodi '),(958021,88433,6,'Et ratione iste qui ','Quas harum est perfe'),(958312,88456,8,'Aut voluptatem animi','Hic dicta perspiciat'),(958734,88470,1,'Sunt eum dolor volup','Rerum qui magnam et '),(959003,88506,8,'In qui sunt quis vol','Alias at non libero '),(959197,88570,3,'Adipisci nemo ut ius','Sequi repudiandae au'),(959615,88579,6,'Odio et dolor dicta ','Aut mollitia laborio'),(959640,88587,0,'Perferendis in ut fu','Expedita autem ipsum'),(961948,88616,7,'Perferendis providen','Expedita earum dolor'),(962630,88647,6,'Quod laboriosam volu','Voluptatem aspernatu'),(962987,88680,8,'Iste sit dolor dolor','Aliquam explicabo re'),(963558,88717,2,'Magnam animi quisqua','Vel officia ut sequi'),(963562,88814,5,'Enim autem eius volu','Quasi reprehenderit '),(964505,88864,6,'Quae est quia praese','Dignissimos maxime d'),(964868,88919,2,'Eaque quae animi eni','Et eligendi itaque n'),(965376,88943,5,'At qui ut qui et dol','Ut dolores voluptate'),(965482,88990,9,'Ea id quo quidem. Ex','Esse ea ducimus mole'),(966313,89023,7,'Maxime quaerat omnis','Eos nulla non suscip'),(966871,89130,4,'Veritatis rerum eum ','Esse dignissimos aut'),(967890,89132,1,'Temporibus dolor dol','Et exercitationem qu'),(971425,89149,0,'Et possimus explicab','Et velit est qui ut '),(972081,89221,9,'Dolorem quibusdam do','Vero odit vero ut. O'),(973230,89244,8,'Doloribus et fugiat ','Nemo hic delectus co'),(974084,89246,8,'Sed laboriosam nemo ','Sed qui omnis volupt'),(974379,89312,2,'Hic omnis blanditiis','Odio velit qui aut e'),(977223,89315,4,'Eveniet illum totam ','Et pariatur ullam od'),(978569,89378,2,'Voluptatibus et numq','Qui et qui ab alias '),(981421,89434,1,'Quis quos aut conseq','Veritatis itaque aut'),(982188,89441,5,'Laudantium enim quid','Modi voluptatem itaq'),(984487,89461,8,'Sit consequuntur nob','Dignissimos voluptat'),(984873,89490,9,'Sed expedita et nequ','Corporis sapiente mo'),(985466,89495,4,'Necessitatibus tempo','Possimus facilis ut '),(985544,89536,2,'Provident est incidu','Harum officia blandi'),(987424,89545,3,'Aliquid tenetur volu','Beatae ut voluptates'),(988193,89630,0,'Deleniti itaque maio','Accusamus sed vero s'),(988819,89701,9,'Iusto ullam nesciunt','Et sit dolor non lib'),(990203,89874,5,'Nesciunt vitae unde ','Soluta ducimus ratio'),(991361,89905,7,'Dolorem neque ipsam ','Rerum aperiam et rer'),(992586,89927,7,'Asperiores ab accusa','Atque aut quis facer'),(995340,89960,6,'Eos veritatis assume','Est modi quia esse v'),(998474,89999,2,'Optio illum dolor ex','Quis amet minima omn');
/*!40000 ALTER TABLE `Take_Home_Precription` ENABLE KEYS */;
UNLOCK TABLES;

--
-- Table structure for table `Test_Index`
--

DROP TABLE IF EXISTS `Test_Index`;
/*!40101 SET @saved_cs_client     = @@character_set_client */;
/*!40101 SET character_set_client = utf8 */;
CREATE TABLE `Test_Index` (
  `test_index_id` bigint(20) NOT NULL,
  `index_name` varchar(20) COLLATE utf8mb4_unicode_ci DEFAULT NULL,
  `threshhold` float DEFAULT NULL,
  PRIMARY KEY (`test_index_id`)
) ENGINE=InnoDB DEFAULT CHARSET=utf8mb4 COLLATE=utf8mb4_unicode_ci;
/*!40101 SET character_set_client = @saved_cs_client */;

--
-- Dumping data for table `Test_Index`
--

LOCK TABLES `Test_Index` WRITE;
/*!40000 ALTER TABLE `Test_Index` DISABLE KEYS */;
INSERT INTO `Test_Index` VALUES (100,'at',0.7),(101,'aliquam',0.5),(102,'facilis',0.1),(103,'est',1),(104,'harum',0),(105,'non',0.3),(106,'voluptates',0.4),(108,'voluptatem',0.4),(109,'qui',0.4),(110,'quia',0.6),(111,'iusto',0.8),(112,'nesciunt',0.6),(113,'neque',0.8),(114,'quam',0.9),(115,'amet',0.7),(116,'et',0.6),(117,'in',0),(118,'animi',0.6),(119,'eum',0.5),(120,'aspernatur',0);
/*!40000 ALTER TABLE `Test_Index` ENABLE KEYS */;
UNLOCK TABLES;

--
-- Table structure for table `Test_Result`
--

DROP TABLE IF EXISTS `Test_Result`;
/*!40101 SET @saved_cs_client     = @@character_set_client */;
/*!40101 SET character_set_client = utf8 */;
CREATE TABLE `Test_Result` (
  `test_id` bigint(20) NOT NULL,
  `doctor_id` bigint(20) DEFAULT NULL,
  `case_id` bigint(20) DEFAULT NULL,
  `test_date` datetime DEFAULT NULL,
  PRIMARY KEY (`test_id`),
  KEY `doctor_id` (`doctor_id`),
  KEY `case_id` (`case_id`),
  CONSTRAINT `Test_Result_ibfk_1` FOREIGN KEY (`doctor_id`) REFERENCES `Doctor` (`doctor_id`),
  CONSTRAINT `Test_Result_ibfk_2` FOREIGN KEY (`case_id`) REFERENCES `Patient_Case` (`case_id`)
) ENGINE=InnoDB DEFAULT CHARSET=utf8mb4 COLLATE=utf8mb4_unicode_ci;
/*!40101 SET character_set_client = @saved_cs_client */;

--
-- Dumping data for table `Test_Result`
--

LOCK TABLES `Test_Result` WRITE;
/*!40000 ALTER TABLE `Test_Result` DISABLE KEYS */;
INSERT INTO `Test_Result` VALUES (2011,324067,490989,'2021-05-03 05:39:46'),(2016,324009,539098,'2021-10-01 19:23:40'),(2034,324077,496726,'2021-11-08 05:55:05'),(2065,324041,455465,'2021-08-09 04:12:31'),(2091,324045,569061,'2021-06-05 18:08:35'),(2094,324004,414594,'2020-12-24 14:50:15'),(2149,324032,444566,'2021-10-30 07:21:15'),(2216,324018,431675,'2021-09-03 21:30:32'),(2227,324100,520669,'2021-05-19 19:59:38'),(2242,324042,458234,'2021-01-29 11:30:34'),(2247,324021,435642,'2021-07-09 12:14:01'),(2271,324029,440571,'2021-02-26 03:41:14'),(2282,324069,491633,'2021-09-14 22:12:44'),(2292,324010,419515,'2021-02-28 18:12:33'),(2304,324043,567402,'2021-07-12 14:30:49'),(2310,324043,458962,'2021-04-01 18:10:33'),(2321,324053,475311,'2021-02-09 08:28:24'),(2326,324046,570445,'2021-11-11 05:43:38'),(2327,324030,440858,'2021-02-10 12:13:36'),(2345,324030,557872,'2021-06-15 11:48:07'),(2386,324099,518992,'2021-05-04 06:59:30'),(2388,324065,482541,'2021-06-26 22:06:44'),(2429,324089,506765,'2020-12-13 09:12:29'),(2442,324017,545823,'2021-01-05 19:24:15'),(2467,324022,549202,'2021-03-30 14:19:24'),(2473,324082,502877,'2020-11-21 06:15:25'),(2510,324007,535142,'2021-01-19 03:48:29'),(2530,324042,567231,'2021-08-29 22:30:45'),(2531,324013,422268,'2021-01-16 11:53:55'),(2533,324050,573211,'2021-01-14 03:31:55'),(2550,324014,422636,'2021-04-05 22:00:44'),(2558,324049,572626,'2021-05-26 20:40:13'),(2564,324033,445858,'2021-07-23 09:55:58'),(2581,324057,477995,'2021-03-12 23:23:38'),(2586,324025,439795,'2020-12-22 08:45:25'),(2599,324080,502672,'2021-04-05 19:44:22'),(2609,324048,468950,'2021-02-16 22:32:19'),(2616,324007,417290,'2021-03-13 21:27:35'),(2631,324032,558248,'2021-07-12 21:00:37'),(2644,324044,568896,'2021-10-07 10:46:08'),(2649,324084,503377,'2021-10-09 08:11:17'),(2662,324028,440331,'2021-01-10 11:40:36'),(2663,324040,454748,'2021-07-27 04:12:39'),(2668,324020,548530,'2020-12-01 07:11:09'),(2674,324021,549033,'2021-05-06 06:30:06'),(2676,324040,566032,'2021-11-12 23:03:20'),(2683,324074,494735,'2021-11-16 21:41:57'),(2689,324041,566765,'2021-01-05 08:03:06'),(2704,324046,462601,'2020-11-30 00:04:12'),(2711,324020,434791,'2021-09-27 23:46:42'),(2728,324004,528530,'2021-08-06 12:32:34'),(2748,324088,505451,'2021-10-13 05:27:42'),(2765,324047,467563,'2021-10-08 15:00:40'),(2768,324036,562349,'2021-02-05 18:39:49'),(2777,324092,508878,'2021-11-08 04:28:16'),(2783,324023,552911,'2020-12-24 21:02:52'),(2801,324016,428819,'2021-07-19 18:45:08'),(2805,324064,482508,'2021-07-03 22:26:39'),(2835,324072,493128,'2021-05-05 11:21:52'),(2840,324011,539620,'2021-11-14 11:22:33'),(2842,324009,418702,'2021-05-01 02:44:58'),(2847,324015,542374,'2021-09-09 01:36:47'),(2849,324029,557863,'2020-12-28 02:39:13'),(2850,324022,436068,'2021-01-23 08:13:30'),(2853,324056,477616,'2021-01-19 08:43:06'),(2876,324086,504349,'2020-11-18 15:07:47'),(2903,324047,571923,'2021-01-16 13:07:36'),(2904,324095,513092,'2021-03-29 15:57:02'),(2906,324002,525409,'2021-07-13 13:30:18'),(2919,324066,490749,'2020-12-22 15:27:33'),(2934,324083,503149,'2021-01-07 07:13:28'),(2954,324005,414743,'2020-12-14 08:57:02'),(2979,324076,495797,'2021-07-28 19:07:15'),(3010,324081,502756,'2021-07-02 22:37:04'),(3056,324037,453788,'2021-05-06 05:15:37'),(3067,324003,414233,'2021-02-22 14:02:22'),(3091,324045,460342,'2021-02-27 20:58:06'),(3144,324028,557814,'2021-06-26 15:13:49'),(3147,324013,541235,'2020-11-21 21:49:52'),(3152,324061,480002,'2021-09-09 23:23:09'),(3173,324093,509965,'2021-11-07 01:39:38'),(3178,324011,419904,'2021-09-03 12:38:51'),(3203,324002,413644,'2021-09-16 02:30:41'),(3209,324097,516967,'2021-07-12 10:36:24'),(3210,324001,525137,'2021-08-25 12:43:55'),(3218,324033,558504,'2021-09-01 09:49:46'),(3228,324024,437870,'2020-12-23 15:27:30'),(3274,324098,517420,'2021-08-10 08:16:23'),(3276,324000,413134,'2021-11-16 00:53:41'),(3280,324044,459151,'2021-03-17 01:39:52'),(3298,324008,417394,'2021-05-12 15:18:03'),(3308,324024,554902,'2021-02-02 23:39:33'),(3336,324031,558185,'2020-11-26 22:54:01'),(3368,324063,480986,'2021-10-22 09:23:08'),(3372,324037,563486,'2020-12-05 10:47:47'),(3377,324017,430015,'2021-09-02 20:05:48'),(3397,324091,508214,'2021-10-09 03:53:08'),(3449,324019,434709,'2021-09-12 14:28:33'),(3452,324038,564110,'2021-04-15 21:12:00'),(3467,324012,540720,'2021-06-26 18:38:50'),(3473,324070,491695,'2021-04-12 15:48:39'),(3491,324001,413181,'2021-04-26 07:18:55'),(3504,324008,535168,'2021-08-15 16:38:29'),(3526,324090,508077,'2021-09-27 10:12:06'),(3531,324003,527061,'2021-04-28 08:47:19'),(3543,324085,504147,'2020-11-22 23:20:45'),(3547,324014,541520,'2021-08-01 23:35:11'),(3554,324039,564592,'2021-03-19 23:44:42'),(3556,324006,415263,'2021-08-22 05:32:42'),(3570,324026,556415,'2021-11-17 19:26:26'),(3578,324068,491125,'2021-02-23 21:13:57'),(3580,324060,479592,'2021-05-18 15:36:18'),(3590,324023,436273,'2021-09-07 19:51:43'),(3597,324034,561150,'2021-08-10 23:46:15'),(3598,324071,493016,'2021-01-16 17:28:54'),(3611,324034,449025,'2021-06-24 05:17:27'),(3620,324052,474067,'2021-11-02 05:50:15'),(3631,324094,511733,'2021-05-26 22:52:18'),(3643,324018,546552,'2021-01-23 13:15:16'),(3656,324025,555449,'2021-05-26 05:44:35'),(3659,324035,561375,'2021-08-03 10:36:34'),(3695,324075,494945,'2021-10-24 19:07:19'),(3706,324035,450728,'2021-07-25 03:08:10'),(3716,324026,440050,'2021-05-09 16:49:30'),(3724,324062,480601,'2021-04-09 14:39:48'),(3733,324049,472424,'2021-05-07 16:24:44'),(3734,324058,478836,'2020-12-03 10:12:47'),(3744,324036,453583,'2021-03-24 20:44:09'),(3746,324059,479264,'2021-08-03 10:05:25'),(3747,324054,476579,'2020-12-14 00:28:18'),(3772,324051,473421,'2021-10-20 14:34:59'),(3793,324000,521618,'2021-01-22 08:41:43'),(3813,324012,420109,'2021-06-21 20:13:08'),(3858,324038,453925,'2021-10-16 05:36:13'),(3859,324010,539597,'2020-11-27 04:21:12'),(3860,324031,441062,'2021-02-16 13:59:05'),(3876,324055,477357,'2021-11-15 02:19:03'),(3885,324078,498278,'2021-02-04 17:02:28'),(3898,324087,504764,'2021-04-19 01:36:07'),(3904,324050,473091,'2021-06-11 00:03:59'),(3915,324019,548379,'2021-04-29 14:36:20'),(3916,324005,531188,'2021-01-23 13:31:46'),(3923,324079,499477,'2021-01-21 03:36:06'),(3927,324006,532072,'2021-06-09 10:13:07'),(3930,324016,543018,'2021-01-11 20:03:48'),(3937,324048,572252,'2021-09-13 03:15:16'),(3940,324073,494256,'2021-01-02 18:46:23'),(3948,324015,426909,'2021-06-01 16:18:59'),(3951,324096,515529,'2021-03-03 17:48:34'),(3952,324039,454410,'2021-02-02 23:29:56');
/*!40000 ALTER TABLE `Test_Result` ENABLE KEYS */;
UNLOCK TABLES;

--
-- Table structure for table `Test_Result_Index`
--

DROP TABLE IF EXISTS `Test_Result_Index`;
/*!40101 SET @saved_cs_client     = @@character_set_client */;
/*!40101 SET character_set_client = utf8 */;
CREATE TABLE `Test_Result_Index` (
  `test_id` bigint(20) NOT NULL,
  `test_index_id` bigint(20) DEFAULT NULL,
  `result` varchar(20) COLLATE utf8mb4_unicode_ci DEFAULT NULL,
  PRIMARY KEY (`test_id`),
  KEY `test_index_id` (`test_index_id`),
  CONSTRAINT `Test_Result_Index_ibfk_1` FOREIGN KEY (`test_id`) REFERENCES `Test_Result` (`test_id`),
  CONSTRAINT `Test_Result_Index_ibfk_2` FOREIGN KEY (`test_index_id`) REFERENCES `Test_Index` (`test_index_id`)
) ENGINE=InnoDB DEFAULT CHARSET=utf8mb4 COLLATE=utf8mb4_unicode_ci;
/*!40101 SET character_set_client = @saved_cs_client */;

--
-- Dumping data for table `Test_Result_Index`
--

LOCK TABLES `Test_Result_Index` WRITE;
/*!40000 ALTER TABLE `Test_Result_Index` DISABLE KEYS */;
INSERT INTO `Test_Result_Index` VALUES (2011,100,'Aliquam placeat non '),(2016,101,'Optio possimus qui u'),(2034,102,'Et et ipsa et eos. A'),(2065,103,'Voluptatem sit volup'),(2091,104,'Odio nisi consectetu'),(2094,105,'Voluptas similique q'),(2149,106,'Et accusamus ut et e'),(2216,108,'Est iure reprehender'),(2227,109,'Cum maiores consecte'),(2242,110,'Et dolorem odit aut '),(2247,111,'Rerum nihil necessit'),(2271,112,'Aut ratione quia ani'),(2282,113,'Provident eaque iust'),(2292,114,'Architecto autem arc'),(2304,115,'Ducimus nobis molest'),(2310,116,'Quos et harum sapien'),(2321,117,'Dignissimos qui id v'),(2326,118,'Eos voluptas aliquid'),(2327,119,'Vero sed consequatur'),(2345,120,'Deleniti molestiae r'),(2386,100,'Consectetur saepe su'),(2388,101,'Et debitis rerum nul'),(2429,102,'Sit quo dicta repell'),(2442,103,'Voluptate optio id l'),(2467,104,'Reiciendis similique'),(2473,105,'Veniam et ipsa et om'),(2510,106,'Dolor ex architecto '),(2530,108,'Est voluptatem nemo '),(2531,109,'Hic dolorem fugit co'),(2533,110,'Aliquam dolor repreh'),(2550,111,'Id soluta neque dolo'),(2558,112,'Tenetur corrupti qui'),(2564,113,'Consequuntur velit v'),(2581,114,'Accusantium nihil vo'),(2586,115,'Aut et perspiciatis '),(2599,116,'Ut doloremque sunt e'),(2609,117,'Adipisci ea rerum an'),(2616,118,'Consequuntur ullam e'),(2631,119,'Nisi alias deserunt '),(2644,120,'Voluptatum molestiae'),(2649,100,'Qui expedita volupta'),(2662,101,'Cum voluptatum est r'),(2663,102,'Vero et quia sequi a'),(2668,103,'Impedit quae modi in'),(2674,104,'Et rerum unde sunt i'),(2676,105,'Qui saepe quidem tem'),(2683,106,'Nihil necessitatibus'),(2689,108,'Veniam quo ea deleni'),(2704,109,'Id inventore ad ad l'),(2711,110,'Enim laudantium et e'),(2728,111,'Adipisci magnam et s'),(2748,112,'Id non consequuntur '),(2765,113,'Recusandae perferend'),(2768,114,'Blanditiis unde aper'),(2777,115,'Odio eligendi unde s'),(2783,116,'Aperiam nihil eligen'),(2801,117,'Dolorem error veniam'),(2805,118,'Nihil in nobis quia.'),(2835,119,'Temporibus tempora v'),(2840,120,'Id iusto architecto '),(2842,100,'Cupiditate deleniti '),(2847,101,'Voluptas cupiditate '),(2849,102,'Saepe inventore dolo'),(2850,103,'Est excepturi volupt'),(2853,104,'Ea qui veritatis et '),(2876,105,'Ut a et aspernatur q'),(2903,106,'Et porro veritatis a'),(2904,108,'Consequatur laborios'),(2906,109,'Ipsum sunt omnis est'),(2919,110,'Deserunt debitis dol'),(2934,111,'Quos quos voluptatem'),(2954,112,'Reprehenderit sed a '),(2979,113,'Magnam eos nihil ab '),(3010,114,'Temporibus unde et o'),(3056,115,'Voluptatem sit nihil'),(3067,116,'Quod blanditiis sit '),(3091,117,'Architecto quae nobi'),(3144,118,'Excepturi eius ut es'),(3147,119,'Explicabo et dicta q'),(3152,120,'Est dolor at eum et '),(3173,100,'Adipisci dolor maior'),(3178,101,'Quisquam iste earum '),(3203,102,'Ipsam repellat provi'),(3209,103,'Quaerat adipisci ex '),(3210,104,'Vitae dolorum quo ad'),(3218,105,'Quis suscipit ad qui'),(3228,106,'Et ipsa facere persp'),(3274,108,'Itaque ex ea ea mini'),(3276,109,'Aut tempora alias od'),(3280,110,'Tempore animi fugit '),(3298,111,'Et itaque expedita q'),(3308,112,'Quasi autem culpa am'),(3336,113,'Voluptatum natus qui'),(3368,114,'Fuga amet omnis ea u'),(3372,115,'Qui cum vel corporis'),(3377,116,'Cupiditate repellend'),(3397,117,'Numquam cum sunt ut '),(3449,118,'Eaque sequi quo quos'),(3452,119,'Dolores voluptatibus'),(3467,120,'Ratione fugit optio ');
/*!40000 ALTER TABLE `Test_Result_Index` ENABLE KEYS */;
UNLOCK TABLES;

--
-- Table structure for table `Xray_Result`
--

DROP TABLE IF EXISTS `Xray_Result`;
/*!40101 SET @saved_cs_client     = @@character_set_client */;
/*!40101 SET character_set_client = utf8 */;
CREATE TABLE `Xray_Result` (
  `xray_id` bigint(20) NOT NULL,
  `doctor_id` bigint(20) DEFAULT NULL,
  `case_id` bigint(20) DEFAULT NULL,
  `xray_date` datetime DEFAULT NULL,
  PRIMARY KEY (`xray_id`),
  KEY `doctor_id` (`doctor_id`),
  KEY `case_id` (`case_id`),
  CONSTRAINT `Xray_Result_ibfk_1` FOREIGN KEY (`doctor_id`) REFERENCES `Doctor` (`doctor_id`),
  CONSTRAINT `Xray_Result_ibfk_2` FOREIGN KEY (`case_id`) REFERENCES `Patient_Case` (`case_id`)
) ENGINE=InnoDB DEFAULT CHARSET=utf8mb4 COLLATE=utf8mb4_unicode_ci;
/*!40101 SET character_set_client = @saved_cs_client */;

--
-- Dumping data for table `Xray_Result`
--

LOCK TABLES `Xray_Result` WRITE;
/*!40000 ALTER TABLE `Xray_Result` DISABLE KEYS */;
INSERT INTO `Xray_Result` VALUES (3243,324018,546552,'2021-11-02 05:07:34'),(3248,324038,564110,'2021-11-08 02:42:00'),(3258,324013,541235,'2021-11-07 01:00:46'),(3273,324067,490989,'2021-10-26 02:55:44'),(3275,324057,477995,'2021-11-07 01:31:16'),(3281,324013,422268,'2021-10-19 06:42:13'),(3302,324012,420109,'2021-10-24 04:26:29'),(3307,324033,558504,'2021-11-18 00:57:09'),(3317,324001,525137,'2021-10-30 01:48:21'),(3324,324021,549033,'2021-10-19 00:18:08'),(3325,324024,437870,'2021-11-14 21:46:41'),(3341,324045,569061,'2021-11-01 21:17:47'),(3353,324019,434709,'2021-10-29 09:10:55'),(3364,324049,572626,'2021-10-30 00:30:12'),(3368,324080,502672,'2021-11-05 09:14:27'),(3376,324050,473091,'2021-10-30 18:29:11'),(3398,324071,493016,'2021-11-03 00:13:43'),(3411,324035,561375,'2021-11-03 11:13:55'),(3412,324062,480601,'2021-11-07 20:51:56'),(3418,324044,459151,'2021-10-29 07:12:46'),(3420,324042,567231,'2021-10-30 21:25:28'),(3440,324065,482541,'2021-11-15 11:03:58'),(3459,324042,458234,'2021-10-20 04:20:42'),(3460,324014,541520,'2021-11-12 22:05:43'),(3461,324026,556415,'2021-11-14 11:28:03'),(3463,324011,539620,'2021-10-22 06:49:52'),(3469,324037,563486,'2021-10-22 20:51:05'),(3471,324034,449025,'2021-11-14 23:12:42'),(3475,324008,535168,'2021-11-10 12:57:41'),(3482,324017,545823,'2021-10-19 02:51:52'),(3497,324069,491633,'2021-11-16 01:09:11'),(3506,324011,419904,'2021-11-08 04:32:54'),(3512,324037,453788,'2021-11-18 04:23:09'),(3525,324082,502877,'2021-11-04 21:56:49'),(3527,324004,414594,'2021-11-12 07:37:05'),(3531,324028,440331,'2021-10-30 14:59:47'),(3563,324049,472424,'2021-10-28 14:03:24'),(3564,324020,548530,'2021-10-23 23:27:02'),(3568,324007,535142,'2021-10-23 11:31:15'),(3575,324023,552911,'2021-11-01 22:29:34'),(3579,324002,413644,'2021-11-07 23:01:08'),(3584,324034,561150,'2021-11-09 14:06:59'),(3587,324090,508077,'2021-11-17 05:07:05'),(3594,324079,499477,'2021-11-02 06:15:53'),(3596,324009,418702,'2021-11-08 13:23:03'),(3604,324070,491695,'2021-11-08 21:44:48'),(3612,324031,558185,'2021-11-06 23:51:43'),(3613,324017,430015,'2021-11-10 08:49:54'),(3619,324085,504147,'2021-11-17 15:39:59'),(3630,324050,573211,'2021-11-13 01:37:17'),(3633,324096,515529,'2021-10-18 20:35:55'),(3634,324087,504764,'2021-11-18 04:06:25'),(3635,324060,479592,'2021-10-23 04:02:10'),(3648,324021,435642,'2021-11-09 20:21:15'),(3662,324036,453583,'2021-10-30 08:35:42'),(3676,324029,440571,'2021-10-21 04:29:36'),(3680,324025,439795,'2021-10-27 18:46:21'),(3691,324077,496726,'2021-11-08 13:56:55'),(3705,324055,477357,'2021-10-19 03:28:58'),(3736,324016,543018,'2021-11-10 17:58:56'),(3746,324041,455465,'2021-10-21 00:04:34'),(3764,324006,532072,'2021-11-16 14:03:24'),(3778,324039,454410,'2021-10-31 03:49:49'),(3780,324073,494256,'2021-10-19 01:53:13'),(3783,324038,453925,'2021-11-09 08:06:49'),(3818,324097,516967,'2021-10-28 19:18:42'),(3820,324018,431675,'2021-10-20 04:03:04'),(3825,324074,494735,'2021-11-04 06:18:11'),(3853,324024,554902,'2021-11-01 16:32:23'),(3858,324054,476579,'2021-10-21 07:57:58'),(3866,324064,482508,'2021-11-07 05:47:09'),(3872,324036,562349,'2021-11-16 11:02:07'),(3875,324005,414743,'2021-10-20 21:51:09'),(3889,324091,508214,'2021-10-28 21:16:03'),(3890,324056,477616,'2021-11-11 16:27:28'),(3911,324028,557814,'2021-11-16 04:05:16'),(3917,324000,413134,'2021-11-06 10:22:07'),(3928,324015,426909,'2021-11-17 10:56:09'),(3933,324035,450728,'2021-11-12 21:21:16'),(3934,324010,539597,'2021-10-24 16:01:35'),(3943,324058,478836,'2021-11-13 11:33:06'),(3944,324081,502756,'2021-10-31 12:38:12'),(3984,324016,428819,'2021-11-16 01:49:36'),(4024,324100,520669,'2021-11-04 15:28:52'),(4027,324020,434791,'2021-11-14 01:30:09'),(4040,324015,542374,'2021-11-08 20:52:17'),(4042,324002,525409,'2021-11-12 06:39:46'),(4077,324022,436068,'2021-10-26 08:53:12'),(4078,324047,467563,'2021-10-19 07:40:21'),(4080,324003,527061,'2021-10-22 22:11:56'),(4090,324089,506765,'2021-10-28 12:56:45'),(4097,324019,548379,'2021-11-05 11:59:59'),(4106,324001,413181,'2021-11-04 12:54:25'),(4115,324030,557872,'2021-11-12 08:06:38'),(4130,324008,417394,'2021-10-31 16:14:12'),(4136,324004,528530,'2021-11-16 18:23:50'),(4148,324046,462601,'2021-10-25 11:52:14'),(4155,324051,473421,'2021-11-16 21:42:27'),(4156,324046,570445,'2021-10-27 15:06:39'),(4164,324010,419515,'2021-10-27 06:01:31'),(4172,324009,539098,'2021-11-17 07:10:23'),(4191,324043,567402,'2021-11-07 06:38:15'),(4192,324066,490749,'2021-11-07 17:01:24'),(4224,324059,479264,'2021-11-08 08:54:53'),(4233,324022,549202,'2021-10-25 11:47:14'),(4247,324029,557863,'2021-10-31 09:38:06'),(4254,324048,468950,'2021-11-03 01:03:52'),(4275,324078,498278,'2021-11-18 02:05:36'),(4279,324025,555449,'2021-11-05 03:48:51'),(4291,324099,518992,'2021-10-26 14:07:11'),(4320,324072,493128,'2021-10-27 14:54:12'),(4324,324076,495797,'2021-10-28 17:46:20'),(4341,324052,474067,'2021-11-12 23:19:59'),(4349,324083,503149,'2021-11-01 06:33:03'),(4359,324098,517420,'2021-11-06 13:21:42'),(4360,324043,458962,'2021-10-28 03:15:44'),(4377,324075,494945,'2021-11-02 11:54:54'),(4395,324063,480986,'2021-11-15 01:24:58'),(4409,324003,414233,'2021-11-05 16:19:41'),(4418,324032,444566,'2021-11-05 05:20:48'),(4425,324092,508878,'2021-11-11 12:30:36'),(4434,324048,572252,'2021-10-29 06:24:00'),(4471,324031,441062,'2021-10-30 17:44:32'),(4479,324094,511733,'2021-11-13 08:55:32'),(4483,324012,540720,'2021-10-21 19:24:48'),(4488,324044,568896,'2021-10-25 13:04:38'),(4490,324047,571923,'2021-10-28 14:12:08'),(4492,324030,440858,'2021-11-02 03:18:25'),(4494,324041,566765,'2021-10-25 09:47:42'),(4502,324061,480002,'2021-11-16 00:31:12'),(4503,324068,491125,'2021-11-15 06:54:06'),(4507,324006,415263,'2021-10-28 17:26:44'),(4509,324040,566032,'2021-11-06 06:39:00'),(4511,324000,521618,'2021-11-09 00:27:46'),(4524,324095,513092,'2021-10-18 12:54:37'),(4534,324023,436273,'2021-10-23 13:22:35'),(4536,324084,503377,'2021-10-24 13:13:05'),(4543,324039,564592,'2021-11-14 14:09:57'),(4551,324032,558248,'2021-11-15 21:24:36'),(4573,324093,509965,'2021-10-20 10:32:02'),(4604,324033,445858,'2021-11-04 11:47:33'),(4605,324005,531188,'2021-11-18 07:34:05'),(4611,324026,440050,'2021-11-18 07:04:20'),(4618,324086,504349,'2021-10-31 18:05:47'),(4620,324045,460342,'2021-11-03 18:13:14'),(4621,324007,417290,'2021-11-05 16:58:46'),(4635,324040,454748,'2021-10-20 22:27:02'),(4641,324014,422636,'2021-11-12 23:12:39'),(4649,324088,505451,'2021-11-01 00:28:13'),(4650,324053,475311,'2021-10-25 19:14:01');
/*!40000 ALTER TABLE `Xray_Result` ENABLE KEYS */;
UNLOCK TABLES;
/*!40103 SET TIME_ZONE=@OLD_TIME_ZONE */;

/*!40101 SET SQL_MODE=@OLD_SQL_MODE */;
/*!40014 SET FOREIGN_KEY_CHECKS=@OLD_FOREIGN_KEY_CHECKS */;
/*!40014 SET UNIQUE_CHECKS=@OLD_UNIQUE_CHECKS */;
/*!40101 SET CHARACTER_SET_CLIENT=@OLD_CHARACTER_SET_CLIENT */;
/*!40101 SET CHARACTER_SET_RESULTS=@OLD_CHARACTER_SET_RESULTS */;
/*!40101 SET COLLATION_CONNECTION=@OLD_COLLATION_CONNECTION */;
/*!40111 SET SQL_NOTES=@OLD_SQL_NOTES */;

-- Dump completed on 2021-11-18  8:50:54
